// Auto-generated from kws_int8.tflite -- do not edit by hand.
// 24536 bytes

#include "kws_model.h"

alignas(16) const unsigned char g_kws_model[] = {
  0x20, 0x00, 0x00, 0x00, 0x54, 0x46, 0x4c, 0x33, 0x00, 0x00, 0x00, 0x00,
  0x14, 0x00, 0x20, 0x00, 0x1c, 0x00, 0x18, 0x00, 0x14, 0x00, 0x10, 0x00,
  0x0c, 0x00, 0x00, 0x00, 0x08, 0x00, 0x04, 0x00, 0x14, 0x00, 0x00, 0x00,
  0x1c, 0x00, 0x00, 0x00, 0x94, 0x00, 0x00, 0x00, 0xec, 0x00, 0x00, 0x00,
  0xb0, 0x21, 0x00, 0x00, 0xc0, 0x21, 0x00, 0x00, 0x40, 0x5f, 0x00, 0x00,
  0x03, 0x00, 0x00, 0x00, 0x01, 0x00, 0x00, 0x00, 0x10, 0x00, 0x00, 0x00,
  0x00, 0x00, 0x0a, 0x00, 0x10, 0x00, 0x0c, 0x00, 0x08, 0x00, 0x04, 0x00,
  0x0a, 0x00, 0x00, 0x00, 0x0c, 0x00, 0x00, 0x00, 0x1c, 0x00, 0x00, 0x00,
  0x3c, 0x00, 0x00, 0x00, 0x0f, 0x00, 0x00, 0x00, 0x73, 0x65, 0x72, 0x76,
  0x69, 0x6e, 0x67, 0x5f, 0x64, 0x65, 0x66, 0x61, 0x75, 0x6c, 0x74, 0x00,
  0x01, 0x00, 0x00, 0x00, 0x04, 0x00, 0x00, 0x00, 0x94, 0xff, 0xff, 0xff,
  0x20, 0x00, 0x00, 0x00, 0x04, 0x00, 0x00, 0x00, 0x08, 0x00, 0x00, 0x00,
  0x6f, 0x75, 0x74, 0x70, 0x75, 0x74, 0x5f, 0x30, 0x00, 0x00, 0x00, 0x00,
  0x01, 0x00, 0x00, 0x00, 0x04, 0x00, 0x00, 0x00, 0xe6, 0xde, 0xff, 0xff,
  0x04, 0x00, 0x00, 0x00, 0x0b, 0x00, 0x00, 0x00, 0x69, 0x6e, 0x70, 0x75,
  0x74, 0x5f, 0x6c, 0x61, 0x79, 0x65, 0x72, 0x00, 0x02, 0x00, 0x00, 0x00,
  0x34, 0x00, 0x00, 0x00, 0x04, 0x00, 0x00, 0x00, 0xdc, 0xff, 0xff, 0xff,
  0x23, 0x00, 0x00, 0x00, 0x04, 0x00, 0x00, 0x00, 0x13, 0x00, 0x00, 0x00,
  0x43, 0x4f, 0x4e, 0x56, 0x45, 0x52, 0x53, 0x49, 0x4f, 0x4e, 0x5f, 0x4d,
  0x45, 0x54, 0x41, 0x44, 0x41, 0x54, 0x41, 0x00, 0x08, 0x00, 0x0c, 0x00,
  0x08, 0x00, 0x04, 0x00, 0x08, 0x00, 0x00, 0x00, 0x22, 0x00, 0x00, 0x00,
  0x04, 0x00, 0x00, 0x00, 0x13, 0x00, 0x00, 0x00, 0x6d, 0x69, 0x6e, 0x5f,
  0x72, 0x75, 0x6e, 0x74, 0x69, 0x6d, 0x65, 0x5f, 0x76, 0x65, 0x72, 0x73,
  0x69, 0x6f, 0x6e, 0x00, 0x24, 0x00, 0x00, 0x00, 0xc0, 0x20, 0x00, 0x00,
  0xb8, 0x20, 0x00, 0x00, 0xa0, 0x20, 0x00, 0x00, 0x7c, 0x20, 0x00, 0x00,
  0x0c, 0x20, 0x00, 0x00, 0x7c, 0x1f, 0x00, 0x00, 0x6c, 0x1b, 0x00, 0x00,
  0xdc, 0x1a, 0x00, 0x00, 0xac, 0x19, 0x00, 0x00, 0x1c, 0x19, 0x00, 0x00,
  0x0c, 0x15, 0x00, 0x00, 0x7c, 0x14, 0x00, 0x00, 0x4c, 0x13, 0x00, 0x00,
  0xbc, 0x12, 0x00, 0x00, 0xac, 0x0e, 0x00, 0x00, 0x1c, 0x0e, 0x00, 0x00,
  0xec, 0x0c, 0x00, 0x00, 0x5c, 0x0c, 0x00, 0x00, 0x4c, 0x08, 0x00, 0x00,
  0xbc, 0x07, 0x00, 0x00, 0x8c, 0x06, 0x00, 0x00, 0xfc, 0x05, 0x00, 0x00,
  0xec, 0x00, 0x00, 0x00, 0xe4, 0x00, 0x00, 0x00, 0xdc, 0x00, 0x00, 0x00,
  0xd4, 0x00, 0x00, 0x00, 0xcc, 0x00, 0x00, 0x00, 0xc4, 0x00, 0x00, 0x00,
  0xbc, 0x00, 0x00, 0x00, 0xb4, 0x00, 0x00, 0x00, 0xac, 0x00, 0x00, 0x00,
  0xa4, 0x00, 0x00, 0x00, 0x9c, 0x00, 0x00, 0x00, 0x94, 0x00, 0x00, 0x00,
  0x74, 0x00, 0x00, 0x00, 0x04, 0x00, 0x00, 0x00, 0xee, 0xdf, 0xff, 0xff,
  0x04, 0x00, 0x00, 0x00, 0x60, 0x00, 0x00, 0x00, 0x0c, 0x00, 0x00, 0x00,
  0x08, 0x00, 0x0e, 0x00, 0x08, 0x00, 0x04, 0x00, 0x08, 0x00, 0x00, 0x00,
  0x10, 0x00, 0x00, 0x00, 0x28, 0x00, 0x00, 0x00, 0x00, 0x00, 0x06, 0x00,
  0x08, 0x00, 0x04, 0x00, 0x06, 0x00, 0x00, 0x00, 0x04, 0x00, 0x00, 0x00,
  0x01, 0x00, 0x00, 0x00, 0xeb, 0x03, 0x00, 0x00, 0x0c, 0x00, 0x18, 0x00,
  0x14, 0x00, 0x10, 0x00, 0x0c, 0x00, 0x04, 0x00, 0x0c, 0x00, 0x00, 0x00,
  0xeb, 0xcd, 0xcd, 0x23, 0xac, 0x1d, 0xd7, 0x25, 0x02, 0x00, 0x00, 0x00,
  0x02, 0x00, 0x00, 0x00, 0x04, 0x00, 0x00, 0x00, 0x06, 0x00, 0x00, 0x00,
  0x32, 0x2e, 0x32, 0x31, 0x2e, 0x30, 0x00, 0x00, 0x5a, 0xe0, 0xff, 0xff,
  0x04, 0x00, 0x00, 0x00, 0x10, 0x00, 0x00, 0x00, 0x31, 0x2e, 0x31, 0x34,
  0x2e, 0x30, 0x00, 0x00, 0x00, 0x00, 0x00, 0x00, 0x00, 0x00, 0x00, 0x00,
  0xc0, 0xa3, 0xff, 0xff, 0xc4, 0xa3, 0xff, 0xff, 0xc8, 0xa3, 0xff, 0xff,
  0xcc, 0xa3, 0xff, 0xff, 0xd0, 0xa3, 0xff, 0xff, 0xd4, 0xa3, 0xff, 0xff,
  0xd8, 0xa3, 0xff, 0xff, 0xdc, 0xa3, 0xff, 0xff, 0xe0, 0xa3, 0xff, 0xff,
  0xe4, 0xa3, 0xff, 0xff, 0xe8, 0xa3, 0xff, 0xff, 0xa2, 0xe0, 0xff, 0xff,
  0x04, 0x00, 0x00, 0x00, 0x00, 0x05, 0x00, 0x00, 0x04, 0x09, 0x05, 0x73,
  0xe4, 0xc0, 0x23, 0xbd, 0xc6, 0x42, 0xee, 0x1d, 0x61, 0x01, 0x05, 0xeb,
  0x90, 0xfb, 0x15, 0xcf, 0xc3, 0x93, 0x7f, 0xc8, 0xfd, 0xa1, 0x58, 0x9a,
  0x99, 0x90, 0xee, 0xb7, 0xe6, 0x89, 0x00, 0xd0, 0xab, 0xc6, 0x9b, 0xca,
  0xbe, 0xb7, 0x12, 0xef, 0x00, 0x49, 0xe5, 0xe5, 0xee, 0x35, 0xd9, 0xa4,
  0x39, 0xdc, 0xbf, 0x29, 0x15, 0x56, 0x20, 0x18, 0x9e, 0xc5, 0xa8, 0xc3,
  0xb9, 0x51, 0x22, 0xe3, 0x2a, 0xfc, 0xe2, 0x5a, 0x1e, 0x59, 0x12, 0x7f,
  0xe1, 0xdc, 0xc2, 0x1f, 0x17, 0x98, 0x82, 0x47, 0xa9, 0x09, 0xb3, 0x0d,
  0xec, 0xd5, 0xa6, 0xf5, 0xe6, 0xe8, 0x8d, 0x9d, 0x00, 0xdf, 0xea, 0xc1,
  0x1c, 0x37, 0xf2, 0xfe, 0xd5, 0x72, 0xda, 0xca, 0xe0, 0xd3, 0x77, 0x54,
  0x81, 0x77, 0xfc, 0x1f, 0x01, 0x3a, 0x2e, 0x14, 0xe4, 0xf3, 0xbe, 0x4a,
  0xf5, 0xeb, 0xe5, 0xdd, 0xcb, 0x11, 0xa7, 0x11, 0xf0, 0x5e, 0xd5, 0xa3,
  0x0b, 0x0e, 0xdf, 0xc0, 0xfa, 0x27, 0xe0, 0xf9, 0x51, 0x05, 0x07, 0x14,
  0xf6, 0x30, 0xf5, 0xc0, 0xed, 0xde, 0x58, 0x3c, 0xf1, 0xf0, 0xdd, 0x7f,
  0x44, 0xd6, 0xdd, 0xf4, 0x83, 0xce, 0xc3, 0x5a, 0x20, 0x3b, 0x37, 0x39,
  0x03, 0x21, 0x7a, 0x3d, 0xd4, 0x15, 0xf9, 0x13, 0xcb, 0xac, 0xff, 0x46,
  0xb7, 0x82, 0x03, 0x7f, 0x3f, 0x29, 0x03, 0x11, 0xb0, 0x5a, 0x3a, 0x5e,
  0x49, 0x1a, 0x09, 0x37, 0xb4, 0x12, 0xec, 0xa3, 0x5e, 0xf1, 0x71, 0xe4,
  0x92, 0xa8, 0x14, 0xab, 0xcd, 0x61, 0xe4, 0x8b, 0x0c, 0x48, 0xb4, 0x0e,
  0x28, 0x57, 0x8d, 0x0a, 0xda, 0xa6, 0x40, 0xcb, 0xe9, 0x81, 0xce, 0x83,
  0x9f, 0x28, 0xd8, 0x4f, 0x90, 0xd9, 0x3c, 0x41, 0xd6, 0x18, 0xe1, 0x7c,
  0xb6, 0x2b, 0xe4, 0x4e, 0xb7, 0xfe, 0x15, 0x56, 0xda, 0x50, 0x02, 0x24,
  0x99, 0x61, 0xed, 0x30, 0x43, 0xa2, 0xfe, 0x32, 0xe0, 0xad, 0x62, 0x3c,
  0x38, 0x32, 0x7f, 0x16, 0xf2, 0x5a, 0xf1, 0x9e, 0xae, 0xc1, 0x79, 0xaa,
  0xeb, 0xc4, 0xdd, 0x22, 0x0a, 0x03, 0x09, 0xbf, 0x7f, 0x3e, 0xf1, 0x26,
  0x6e, 0x17, 0x65, 0xee, 0x1b, 0x0e, 0x53, 0xb7, 0x49, 0xbe, 0xd1, 0x05,
  0x2b, 0x35, 0xea, 0x48, 0x6f, 0x35, 0xd6, 0x54, 0x5a, 0xe0, 0x37, 0xe5,
  0x63, 0xba, 0xf1, 0xda, 0xfe, 0x95, 0x07, 0x0f, 0xac, 0xd6, 0x42, 0x30,
  0xc8, 0xb4, 0x34, 0x9e, 0x9d, 0x98, 0xed, 0xc0, 0x19, 0x81, 0x14, 0xb8,
  0xb0, 0x37, 0x39, 0x1a, 0x4c, 0xed, 0x24, 0xf9, 0x29, 0x1d, 0xac, 0x54,
  0x18, 0xe0, 0xc7, 0x2e, 0xe7, 0x5e, 0x29, 0xb1, 0xef, 0x2b, 0x55, 0xe3,
  0x36, 0xf5, 0x37, 0x36, 0x3b, 0xe5, 0xd1, 0xed, 0x11, 0x15, 0xe9, 0x70,
  0x88, 0x05, 0x70, 0x05, 0x81, 0x48, 0xf5, 0xef, 0xcc, 0x42, 0x2a, 0x03,
  0xa9, 0x69, 0x38, 0x23, 0xc3, 0xff, 0x03, 0x3b, 0x93, 0xe7, 0x36, 0x50,
  0xda, 0xed, 0x9b, 0xa2, 0x65, 0x12, 0x9c, 0xbe, 0x25, 0xd2, 0xe9, 0xd3,
  0xfe, 0x2c, 0x51, 0x72, 0x6e, 0xdb, 0xa8, 0x25, 0xce, 0xb3, 0xb5, 0xbc,
  0x1c, 0x47, 0x8c, 0xc3, 0x36, 0x9c, 0xda, 0xfb, 0xff, 0x95, 0x3e, 0xa3,
  0x81, 0xe9, 0xe9, 0xcd, 0xf3, 0x32, 0xc6, 0x03, 0xcc, 0x6a, 0x45, 0xa0,
  0x81, 0x2a, 0x51, 0xc1, 0xfc, 0x21, 0xc6, 0x44, 0xaf, 0x26, 0xd1, 0x1c,
  0xee, 0x3f, 0x9e, 0xf0, 0xf9, 0x70, 0x12, 0x28, 0xab, 0x4b, 0x91, 0xf3,
  0x16, 0xf0, 0x1f, 0xde, 0x1e, 0x44, 0xe6, 0x5b, 0xd6, 0x56, 0x85, 0x48,
  0xe6, 0x52, 0x27, 0x51, 0x59, 0xb0, 0xf5, 0xe2, 0x43, 0xea, 0xeb, 0xc6,
  0x50, 0xfb, 0xc5, 0x81, 0xd9, 0xc4, 0xe0, 0xca, 0x5b, 0xbe, 0xa3, 0xca,
  0x3b, 0x43, 0xd4, 0x1d, 0xb1, 0x4e, 0x9c, 0x55, 0x43, 0x0f, 0xfb, 0xe4,
  0xec, 0x33, 0xf5, 0x2d, 0xda, 0xe1, 0x0e, 0xe1, 0x37, 0x21, 0x28, 0xed,
  0x7f, 0x73, 0x55, 0xc8, 0x42, 0xd2, 0x18, 0x36, 0x46, 0xfc, 0x89, 0x20,
  0x9b, 0x1f, 0xac, 0x29, 0x10, 0xbb, 0xb8, 0xb0, 0x2b, 0x42, 0x39, 0xb8,
  0x11, 0x38, 0x67, 0xe4, 0xf6, 0x00, 0x4b, 0x07, 0xf5, 0x59, 0x52, 0x09,
  0x20, 0xe8, 0x51, 0xf8, 0x02, 0x43, 0x55, 0xfb, 0x3e, 0xdb, 0x65, 0xdf,
  0x49, 0x21, 0xe5, 0x93, 0x0b, 0x20, 0xe4, 0x81, 0xf2, 0xff, 0xda, 0xb7,
  0x07, 0x83, 0x0b, 0xe5, 0x36, 0x92, 0x2e, 0xd7, 0xe3, 0xd2, 0x1d, 0x06,
  0x31, 0x35, 0xe8, 0x25, 0x2b, 0xd1, 0xbf, 0x0a, 0x31, 0xfe, 0xc6, 0x4e,
  0x5c, 0xd3, 0x81, 0x03, 0x18, 0x25, 0xf1, 0x34, 0x0b, 0xfe, 0xc0, 0x08,
  0xe3, 0x19, 0x00, 0xd4, 0x0d, 0xf2, 0x1d, 0x19, 0xb1, 0x1f, 0xe8, 0xc7,
  0x32, 0x2d, 0x82, 0xd6, 0x03, 0xfb, 0xe6, 0x13, 0x41, 0x04, 0xef, 0xe0,
  0x2c, 0xe7, 0x42, 0x30, 0x50, 0x39, 0x4c, 0xcd, 0x0b, 0x26, 0xe2, 0x3a,
  0xd5, 0x14, 0xd0, 0xf8, 0x8b, 0xfb, 0xc7, 0x1d, 0x81, 0x25, 0xd6, 0xe1,
  0xd7, 0xeb, 0x88, 0xd6, 0x70, 0x3d, 0xfb, 0xf7, 0xc6, 0xec, 0xe1, 0xbc,
  0xc3, 0xd9, 0x64, 0xd1, 0x05, 0xf3, 0x52, 0x08, 0x62, 0x4f, 0xd5, 0x94,
  0x37, 0xfd, 0x31, 0xfd, 0x46, 0xf3, 0x9e, 0x49, 0x7f, 0x4b, 0xf1, 0x41,
  0x60, 0x15, 0x9a, 0xf2, 0x01, 0x42, 0x37, 0xeb, 0xf5, 0xfb, 0xd7, 0x64,
  0xb1, 0xeb, 0xf1, 0x3c, 0xcb, 0x0f, 0xbf, 0x2a, 0x85, 0xe8, 0x0d, 0xec,
  0xa0, 0xe2, 0x06, 0xfa, 0x0b, 0xe5, 0xf5, 0x3d, 0xd5, 0x08, 0xe3, 0x56,
  0xdd, 0x03, 0xa0, 0x1f, 0xec, 0xce, 0x95, 0x50, 0xd1, 0x30, 0x81, 0x57,
  0x1e, 0xe0, 0x7d, 0xd8, 0x91, 0x33, 0x4f, 0x21, 0xf6, 0x36, 0xea, 0x0a,
  0xfb, 0xf9, 0x49, 0xfe, 0xa6, 0x9f, 0xe4, 0x8b, 0xf6, 0xda, 0x35, 0xfa,
  0xe1, 0x0a, 0x54, 0x20, 0xb9, 0xa1, 0xd8, 0xdf, 0xa9, 0xa3, 0x2e, 0x4f,
  0xde, 0x81, 0x2f, 0x00, 0xdc, 0xfd, 0x1b, 0x4e, 0xd1, 0xb7, 0x7f, 0x0d,
  0xab, 0xaf, 0x5a, 0x68, 0xf3, 0xbd, 0xce, 0x3c, 0xe6, 0xe6, 0xc4, 0x75,
  0x3e, 0x18, 0xb5, 0x3f, 0xdd, 0x4b, 0xd4, 0xcb, 0xd2, 0x97, 0xd9, 0x49,
  0x9c, 0xe2, 0x44, 0xd1, 0xa4, 0xaa, 0x6d, 0xec, 0xe2, 0xd5, 0x9b, 0xe0,
  0x57, 0x33, 0xea, 0xf8, 0xd0, 0x0f, 0x8f, 0x25, 0x10, 0xfb, 0xb2, 0x1f,
  0xff, 0x4b, 0xcf, 0xe3, 0xcd, 0xdd, 0x81, 0xdc, 0x1c, 0xcd, 0x29, 0xd7,
  0xb6, 0x20, 0xa3, 0x58, 0xc9, 0xf3, 0x41, 0x20, 0xcd, 0xe9, 0xed, 0x0a,
  0x07, 0xfb, 0xd1, 0xf1, 0x46, 0xec, 0xf7, 0x0f, 0xce, 0x16, 0x9c, 0x0e,
  0xc7, 0xe9, 0x81, 0xae, 0x21, 0xd0, 0xd0, 0xf5, 0xac, 0xfc, 0xe5, 0xef,
  0xf3, 0x3b, 0xea, 0x30, 0xda, 0x67, 0x09, 0x1b, 0x0c, 0x77, 0x5a, 0xe6,
  0xe4, 0xdc, 0xcf, 0x1d, 0x61, 0xc9, 0x43, 0x5b, 0x26, 0x1e, 0x0f, 0x25,
  0x0f, 0x9d, 0x41, 0x5c, 0xe9, 0xd7, 0x6e, 0x70, 0x30, 0x24, 0xdb, 0x0c,
  0x5e, 0xff, 0xcc, 0xf8, 0x16, 0xe0, 0xff, 0x10, 0x0c, 0x5e, 0x3a, 0x7f,
  0xda, 0x4b, 0x06, 0x3c, 0x3e, 0xa5, 0xf0, 0x06, 0x22, 0x1e, 0x0b, 0x48,
  0xa5, 0xad, 0xe5, 0xe5, 0xda, 0x2b, 0x0b, 0xc1, 0x02, 0x06, 0xf9, 0x0a,
  0xcb, 0x3b, 0x2b, 0x38, 0xe2, 0x12, 0xbb, 0x06, 0x22, 0x26, 0x34, 0xe3,
  0xbe, 0x56, 0xed, 0x25, 0x0f, 0x47, 0x2e, 0xe5, 0x81, 0x42, 0xfe, 0x2f,
  0x17, 0x3a, 0xdc, 0x1c, 0x3d, 0x40, 0x1d, 0x3b, 0x08, 0x7f, 0x36, 0x19,
  0x3b, 0x0c, 0xbf, 0xed, 0x28, 0x02, 0x3c, 0x24, 0xe5, 0xcf, 0xfb, 0xde,
  0xd5, 0x91, 0x39, 0xb4, 0xe3, 0xab, 0x23, 0x05, 0xf6, 0xf9, 0xe2, 0xf5,
  0xf4, 0xde, 0xfa, 0xe1, 0x16, 0xf7, 0xd6, 0xe8, 0xd4, 0x3b, 0x0a, 0x13,
  0x0c, 0x09, 0x4a, 0xc9, 0x8c, 0x25, 0x39, 0xe7, 0xac, 0x46, 0x22, 0xf1,
  0x81, 0xfa, 0x2b, 0xfd, 0x81, 0xf8, 0xc5, 0xf1, 0x9a, 0xc9, 0x30, 0x3c,
  0xd5, 0xc7, 0x4d, 0x52, 0x9b, 0x04, 0xd9, 0x5f, 0xdb, 0x96, 0x08, 0x1f,
  0xe5, 0xf8, 0x0c, 0xf8, 0x49, 0x26, 0xa9, 0x5c, 0xd3, 0x2a, 0xf1, 0x52,
  0xd0, 0x2f, 0xbc, 0xfc, 0x30, 0x7f, 0xc9, 0xe2, 0x30, 0x4a, 0x27, 0x55,
  0x65, 0xe4, 0xe9, 0xf9, 0x49, 0x63, 0x1f, 0xea, 0x17, 0x27, 0x3a, 0xc2,
  0xe6, 0x28, 0x18, 0x2d, 0xff, 0x02, 0x60, 0x72, 0xd4, 0x07, 0xf2, 0x28,
  0x31, 0xc2, 0xfc, 0xee, 0xea, 0x22, 0x28, 0xe0, 0xec, 0x8d, 0xf5, 0xbb,
  0x1c, 0xc3, 0xe8, 0x81, 0x42, 0x09, 0xe2, 0xa8, 0xbe, 0x01, 0x3c, 0xca,
  0xb7, 0xc0, 0xdd, 0xf2, 0x29, 0xb6, 0x31, 0x81, 0xf5, 0x2b, 0x0d, 0xfb,
  0x0a, 0x0a, 0x3a, 0x8c, 0x1d, 0xc0, 0xdc, 0xcc, 0xd9, 0xf1, 0x18, 0x1b,
  0xcd, 0x1c, 0xdb, 0x21, 0x10, 0x16, 0x36, 0xc2, 0x5f, 0x14, 0xd4, 0xc9,
  0xc7, 0x1e, 0xa8, 0x1a, 0x79, 0xf2, 0x9f, 0x19, 0xc8, 0x7f, 0xee, 0xcf,
  0x1d, 0x27, 0xe2, 0xfa, 0x27, 0x2a, 0xed, 0x3a, 0xd3, 0xff, 0x8f, 0x37,
  0x3e, 0x2a, 0xcc, 0x48, 0x11, 0x19, 0x47, 0x88, 0xb2, 0x02, 0x08, 0x90,
  0xd5, 0xc2, 0xd0, 0x03, 0xf8, 0x71, 0x96, 0xaa, 0x17, 0xd4, 0x1e, 0x18,
  0x9f, 0xd3, 0x35, 0x1a, 0x81, 0x42, 0x1a, 0x06, 0xba, 0xce, 0xea, 0x48,
  0xc7, 0xf8, 0xe7, 0x60, 0x27, 0xf1, 0x0f, 0x50, 0x08, 0xed, 0x26, 0x1a,
  0xb8, 0x1b, 0x37, 0x04, 0xb7, 0xf6, 0x01, 0x03, 0xf7, 0xb4, 0xd5, 0x1a,
  0xcb, 0xcb, 0xfd, 0x6a, 0xae, 0xe5, 0xff, 0xff, 0x04, 0x00, 0x00, 0x00,
  0x80, 0x00, 0x00, 0x00, 0x24, 0xff, 0xff, 0xff, 0x21, 0xfe, 0xff, 0xff,
  0xe4, 0x00, 0x00, 0x00, 0x77, 0x00, 0x00, 0x00, 0x9d, 0xff, 0xff, 0xff,
  0x3e, 0x00, 0x00, 0x00, 0x58, 0xfe, 0xff, 0xff, 0x5f, 0xfe, 0xff, 0xff,
  0x4a, 0xff, 0xff, 0xff, 0xbe, 0x02, 0x00, 0x00, 0x0e, 0x02, 0x00, 0x00,
  0x3f, 0xff, 0xff, 0xff, 0xd0, 0x00, 0x00, 0x00, 0x8a, 0x02, 0x00, 0x00,
  0x43, 0x00, 0x00, 0x00, 0x61, 0xff, 0xff, 0xff, 0xef, 0xfe, 0xff, 0xff,
  0x77, 0xff, 0xff, 0xff, 0x1e, 0x00, 0x00, 0x00, 0x1b, 0x04, 0x00, 0x00,
  0x1b, 0xfe, 0xff, 0xff, 0x96, 0xff, 0xff, 0xff, 0xc2, 0xfc, 0xff, 0xff,
  0x62, 0xff, 0xff, 0xff, 0xee, 0xff, 0xff, 0xff, 0x09, 0x01, 0x00, 0x00,
  0x4f, 0xff, 0xff, 0xff, 0x7b, 0x02, 0x00, 0x00, 0xa8, 0xff, 0xff, 0xff,
  0xd7, 0xfe, 0xff, 0xff, 0x7a, 0xff, 0xff, 0xff, 0x77, 0xfe, 0xff, 0xff,
  0x3a, 0xe6, 0xff, 0xff, 0x04, 0x00, 0x00, 0x00, 0x20, 0x01, 0x00, 0x00,
  0x43, 0x95, 0xaf, 0x6d, 0x01, 0x49, 0xbc, 0x91, 0x2d, 0x6e, 0xda, 0x5e,
  0xdc, 0x01, 0x3b, 0xfa, 0xb3, 0xa6, 0xdf, 0x2f, 0x65, 0x0e, 0x00, 0xba,
  0xa7, 0x70, 0xde, 0x47, 0x93, 0x14, 0xc2, 0xaf, 0xae, 0x58, 0x5a, 0xe5,
  0x13, 0xa7, 0x65, 0x3f, 0x7f, 0xea, 0x86, 0x81, 0x34, 0x7c, 0x7f, 0x78,
  0x3f, 0x67, 0x1e, 0x49, 0xce, 0x38, 0x9d, 0xb0, 0x81, 0x14, 0x1b, 0xac,
  0xbe, 0xea, 0xfd, 0x81, 0xbb, 0xde, 0x81, 0x2b, 0x81, 0x25, 0x16, 0x89,
  0xf1, 0x42, 0xdc, 0xdc, 0x8b, 0xbd, 0x62, 0x65, 0x07, 0xc7, 0x18, 0x18,
  0x81, 0x49, 0xae, 0x21, 0xa3, 0x5f, 0xbf, 0x7f, 0x3c, 0x81, 0x81, 0x4b,
  0x6b, 0x81, 0x21, 0x25, 0xf8, 0x7f, 0x9b, 0x51, 0x40, 0x01, 0x13, 0x0f,
  0xdc, 0xd3, 0x67, 0x7f, 0x7f, 0x67, 0x2b, 0x33, 0x22, 0x56, 0x86, 0xf2,
  0x0c, 0x6a, 0x7f, 0x33, 0x62, 0xff, 0x60, 0xca, 0xa4, 0xa6, 0xa0, 0xcd,
  0xd4, 0x26, 0x32, 0x2d, 0x18, 0x74, 0x81, 0xe8, 0x29, 0x7f, 0xd4, 0x45,
  0x0f, 0xd7, 0x01, 0xe5, 0x59, 0x50, 0x7c, 0x9f, 0x98, 0xb9, 0x9c, 0x5f,
  0xfa, 0x14, 0xba, 0xeb, 0x7f, 0xbf, 0xd3, 0x61, 0xbf, 0xae, 0xbe, 0x24,
  0x29, 0x7f, 0x40, 0xf3, 0x81, 0x14, 0xb7, 0xff, 0x16, 0x9f, 0xc7, 0x9a,
  0xbb, 0x48, 0x97, 0xda, 0xe8, 0x81, 0x03, 0xee, 0x5e, 0x2c, 0xbe, 0x9b,
  0x81, 0xe4, 0xfb, 0x81, 0x21, 0x18, 0x10, 0x81, 0x85, 0xa2, 0x47, 0xfc,
  0x1f, 0x6f, 0x65, 0xb8, 0xd3, 0xeb, 0xa9, 0x7f, 0x51, 0x81, 0x8c, 0xf5,
  0xc6, 0x75, 0x66, 0xd1, 0x7f, 0xe5, 0x31, 0xf8, 0x15, 0x3b, 0x2f, 0xad,
  0x33, 0xde, 0x7f, 0x59, 0xd2, 0xef, 0xe5, 0xc3, 0x2c, 0x48, 0xea, 0x76,
  0x5a, 0x81, 0x7f, 0x8b, 0xed, 0x8a, 0x81, 0xf9, 0x59, 0x37, 0xe8, 0x37,
  0xdf, 0x5f, 0x4b, 0xfe, 0xc2, 0xcc, 0x9f, 0x5d, 0x1c, 0x26, 0x86, 0xa4,
  0xa2, 0xfd, 0x07, 0xfa, 0xba, 0x52, 0x39, 0x5d, 0x71, 0xd7, 0x61, 0xab,
  0x3d, 0x17, 0xa0, 0x7f, 0xc0, 0x06, 0xf3, 0x2a, 0x36, 0x9d, 0x06, 0xf5,
  0x66, 0xe7, 0xff, 0xff, 0x04, 0x00, 0x00, 0x00, 0x80, 0x00, 0x00, 0x00,
  0xd2, 0x05, 0x00, 0x00, 0x1d, 0x0d, 0x00, 0x00, 0xd7, 0x0c, 0x00, 0x00,
  0x01, 0xfc, 0xff, 0xff, 0x4c, 0x05, 0x00, 0x00, 0x31, 0xfa, 0xff, 0xff,
  0x48, 0x00, 0x00, 0x00, 0xf9, 0x04, 0x00, 0x00, 0x27, 0xfe, 0xff, 0xff,
  0x4e, 0xf1, 0xff, 0xff, 0xac, 0x0b, 0x00, 0x00, 0xaf, 0x07, 0x00, 0x00,
  0x0a, 0x0c, 0x00, 0x00, 0x8e, 0xea, 0xff, 0xff, 0xde, 0xec, 0xff, 0xff,
  0xc9, 0xe8, 0xff, 0xff, 0x29, 0xf2, 0xff, 0xff, 0xd5, 0x0a, 0x00, 0x00,
  0x18, 0xf8, 0xff, 0xff, 0xcb, 0x01, 0x00, 0x00, 0xe7, 0xfb, 0xff, 0xff,
  0x67, 0xf8, 0xff, 0xff, 0xdf, 0x17, 0x00, 0x00, 0xac, 0x08, 0x00, 0x00,
  0x2d, 0x14, 0x00, 0x00, 0x0f, 0xf3, 0xff, 0xff, 0x89, 0x00, 0x00, 0x00,
  0x5e, 0xf2, 0xff, 0xff, 0x08, 0xf7, 0xff, 0xff, 0x50, 0x03, 0x00, 0x00,
  0xe0, 0x03, 0x00, 0x00, 0xf3, 0x11, 0x00, 0x00, 0xf2, 0xe7, 0xff, 0xff,
  0x04, 0x00, 0x00, 0x00, 0x00, 0x04, 0x00, 0x00, 0xa7, 0xb1, 0x8e, 0xff,
  0x2e, 0xbc, 0xc2, 0x6f, 0x66, 0xed, 0xf5, 0x3f, 0x87, 0x11, 0xc2, 0xd8,
  0xed, 0xc1, 0x81, 0x06, 0x94, 0x09, 0x92, 0x8c, 0xfd, 0xf1, 0x81, 0x3d,
  0x6a, 0x73, 0xde, 0xd2, 0x4f, 0x57, 0xaf, 0x1e, 0x91, 0x24, 0x1e, 0x2c,
  0xda, 0x43, 0x43, 0x47, 0x98, 0x9c, 0xd6, 0x26, 0xec, 0xfa, 0x5d, 0x3d,
  0xa4, 0x93, 0x81, 0xfe, 0xd7, 0x6e, 0x91, 0x1f, 0x3e, 0x06, 0x16, 0xf1,
  0xa3, 0x01, 0x22, 0xfb, 0x07, 0x50, 0x9b, 0xac, 0x5d, 0xf1, 0x06, 0x75,
  0x79, 0xf0, 0x65, 0xaf, 0x57, 0x6a, 0x37, 0x5a, 0xf8, 0x94, 0x53, 0xa0,
  0x68, 0x2e, 0x35, 0xdf, 0x52, 0x7f, 0x1a, 0xc0, 0x81, 0x09, 0xef, 0x5b,
  0x13, 0x26, 0x13, 0xa2, 0x0e, 0x1c, 0xe4, 0x02, 0x17, 0x26, 0x13, 0x5c,
  0x2f, 0x58, 0xfe, 0xd5, 0xf4, 0x4c, 0x96, 0x54, 0xa5, 0x63, 0x59, 0xbf,
  0x97, 0x54, 0xa4, 0x0a, 0x6b, 0x8b, 0x7e, 0xc1, 0xb6, 0x17, 0x23, 0x0b,
  0xb0, 0x32, 0x0c, 0x71, 0x31, 0xba, 0x81, 0xd6, 0xf7, 0x0b, 0x09, 0xe5,
  0x72, 0xff, 0xd8, 0x84, 0x61, 0x54, 0x04, 0x8c, 0x18, 0xba, 0x8d, 0xce,
  0x27, 0x1d, 0x0e, 0x3e, 0x81, 0x54, 0x16, 0xe1, 0x87, 0xf6, 0x58, 0xe5,
  0xc0, 0xec, 0xcd, 0x6e, 0x6c, 0xd8, 0x20, 0x56, 0xb8, 0x10, 0x8f, 0x39,
  0x38, 0x68, 0x20, 0x00, 0x5f, 0x0f, 0xcc, 0xbc, 0x70, 0x4b, 0xcc, 0x86,
  0x75, 0x0b, 0x09, 0xe4, 0xbe, 0xac, 0x52, 0x64, 0xda, 0x4d, 0x3b, 0x39,
  0xae, 0xd8, 0x8f, 0x77, 0x7d, 0x48, 0x44, 0xc8, 0xc0, 0x2b, 0xe2, 0xf9,
  0xe6, 0xf0, 0x81, 0xc6, 0x55, 0xc6, 0xe5, 0xdf, 0x3f, 0x82, 0x6c, 0x2c,
  0x3e, 0xd5, 0x1c, 0xb4, 0xaa, 0x01, 0x51, 0x95, 0x8f, 0x29, 0xb8, 0x6f,
  0x4b, 0xaa, 0xcf, 0xd0, 0x7f, 0x78, 0xea, 0x65, 0x91, 0x1f, 0x40, 0x06,
  0x05, 0x11, 0xc3, 0x32, 0xf2, 0xbe, 0x68, 0x0f, 0xf9, 0x55, 0x58, 0xcf,
  0xeb, 0x81, 0xd3, 0x83, 0x53, 0xfc, 0x0a, 0xc7, 0x40, 0x7e, 0x09, 0xa1,
  0x8f, 0x2d, 0x02, 0x48, 0x55, 0x3e, 0xc3, 0x05, 0x0e, 0x93, 0x73, 0x98,
  0x64, 0x1a, 0xa1, 0x92, 0x9f, 0xb7, 0x15, 0x6b, 0x16, 0x34, 0xab, 0x63,
  0x7b, 0x39, 0x9e, 0xdb, 0xe0, 0xbe, 0x3e, 0x13, 0x9a, 0x50, 0xda, 0x19,
  0x7f, 0x6f, 0xb4, 0xcf, 0xe3, 0x40, 0x41, 0x16, 0x29, 0x36, 0xea, 0x39,
  0x12, 0xb2, 0x03, 0x3d, 0xb0, 0x3d, 0x14, 0xa9, 0x9d, 0x1b, 0xb5, 0x18,
  0xa2, 0xd5, 0x00, 0x7f, 0x1d, 0x10, 0xe1, 0x62, 0x06, 0x08, 0xfc, 0x5a,
  0xbb, 0xed, 0xbb, 0xfb, 0xc3, 0xdf, 0xee, 0x59, 0xec, 0xf6, 0xdc, 0x23,
  0x55, 0x8c, 0xe9, 0xa6, 0xde, 0xae, 0xb7, 0x34, 0xaa, 0xa8, 0x1e, 0x4d,
  0xf2, 0xa8, 0xad, 0xe9, 0x40, 0x53, 0x47, 0x81, 0xec, 0xbe, 0x09, 0x5d,
  0x1f, 0xdc, 0x75, 0xbd, 0xa8, 0x4d, 0xee, 0x63, 0x6b, 0xec, 0x3c, 0xa8,
  0x81, 0x11, 0xcc, 0x51, 0x5d, 0xe3, 0x14, 0xbb, 0x53, 0xb9, 0xfd, 0x43,
  0x9a, 0x1b, 0xe8, 0xc4, 0xe5, 0x34, 0x85, 0xef, 0x8d, 0xb5, 0xdc, 0x12,
  0xd7, 0x74, 0xbd, 0x21, 0x68, 0x04, 0x44, 0x22, 0xf4, 0x65, 0x9d, 0x6d,
  0xdf, 0xe9, 0x67, 0xbc, 0x1a, 0xdc, 0x77, 0x04, 0x54, 0xb9, 0x0d, 0x81,
  0xb1, 0x91, 0x78, 0x88, 0xe9, 0xc0, 0x36, 0xd9, 0x57, 0xe2, 0xe0, 0xde,
  0x12, 0xf4, 0x54, 0x3a, 0x1c, 0x37, 0x7f, 0x30, 0x2b, 0x26, 0xb4, 0x4d,
  0x31, 0xc8, 0x0e, 0xfa, 0xd8, 0xf4, 0x2f, 0x6c, 0x14, 0x06, 0x01, 0x15,
  0xf8, 0x81, 0x4a, 0x6c, 0xab, 0x33, 0xc4, 0x0a, 0x0b, 0x1e, 0x6c, 0xb7,
  0x93, 0x06, 0x07, 0xcc, 0x9d, 0x33, 0xc1, 0xdd, 0x39, 0x03, 0xd5, 0xf8,
  0x1d, 0x3a, 0x10, 0x03, 0x17, 0xcb, 0xc0, 0x32, 0xbe, 0xa2, 0xf2, 0x8d,
  0x11, 0x9f, 0x56, 0xa4, 0xb6, 0x9b, 0x11, 0x62, 0xfe, 0x61, 0x78, 0x1c,
  0xb9, 0xe0, 0x81, 0x6c, 0x8a, 0x62, 0x3f, 0xb7, 0x30, 0xb9, 0xac, 0x4e,
  0xb1, 0x2b, 0xe3, 0x3e, 0xe1, 0xd3, 0x3d, 0x4f, 0x64, 0x19, 0xa8, 0xe7,
  0x8b, 0xae, 0x72, 0x42, 0x31, 0x07, 0xb8, 0x5e, 0x3b, 0xe0, 0xe2, 0x41,
  0xb4, 0x3e, 0x73, 0xcb, 0xd5, 0xdc, 0x98, 0x7f, 0x7e, 0x63, 0xf9, 0x9f,
  0xad, 0xde, 0xc6, 0x77, 0xd8, 0x3c, 0x4f, 0x37, 0xde, 0x7f, 0x53, 0x5d,
  0x8e, 0xba, 0xaf, 0x49, 0x7b, 0x7c, 0xcd, 0x06, 0x8b, 0xa2, 0xf1, 0xab,
  0x9f, 0x9e, 0x01, 0xeb, 0x78, 0x6f, 0x38, 0x90, 0x6a, 0x5a, 0x3e, 0xa5,
  0x9c, 0x67, 0x2d, 0xe9, 0x3a, 0x8c, 0x14, 0x23, 0x07, 0x0b, 0xf8, 0x84,
  0xb4, 0xfc, 0x5a, 0x57, 0x3e, 0xc8, 0x93, 0xe4, 0xb0, 0x81, 0x1f, 0x42,
  0x66, 0x24, 0xf0, 0xab, 0x8e, 0x1c, 0x0d, 0xed, 0x20, 0xf3, 0x29, 0x79,
  0x81, 0x61, 0x14, 0x30, 0xd2, 0x09, 0x2e, 0xf5, 0xac, 0x5b, 0x97, 0xa8,
  0x57, 0x22, 0xb1, 0xd2, 0xee, 0xc1, 0x8b, 0xdd, 0x6c, 0x45, 0xeb, 0x7f,
  0x0b, 0x1d, 0x6b, 0x90, 0x63, 0x41, 0x70, 0x40, 0x26, 0x22, 0x0c, 0x9b,
  0x28, 0x88, 0xaa, 0x62, 0x33, 0x23, 0x19, 0x17, 0x4d, 0x2b, 0xfb, 0x07,
  0x4e, 0x5c, 0xf1, 0x33, 0x26, 0x02, 0x20, 0xaf, 0xab, 0xd2, 0xa0, 0xf3,
  0xb0, 0xc2, 0xc8, 0x31, 0xad, 0x9c, 0x49, 0xa9, 0xb2, 0x22, 0xcc, 0x4a,
  0x1c, 0xf3, 0xc6, 0xfe, 0xee, 0xd4, 0x0b, 0xd8, 0xf6, 0xe1, 0x4f, 0x81,
  0x8e, 0x7f, 0x18, 0xb6, 0x45, 0xd5, 0xbe, 0x12, 0xb7, 0xce, 0xd7, 0x14,
  0x5b, 0x0f, 0xf5, 0x9d, 0x07, 0x5e, 0x1c, 0xf6, 0xc3, 0xaf, 0x1d, 0x71,
  0x7f, 0x01, 0x47, 0xac, 0x47, 0x03, 0x42, 0x7c, 0x8e, 0x0e, 0x2b, 0xe0,
  0xb1, 0x0b, 0xae, 0xb3, 0x25, 0xc8, 0x44, 0xe9, 0xba, 0x3b, 0xec, 0x47,
  0x9b, 0x95, 0xe0, 0x9d, 0x9d, 0xfb, 0x48, 0x70, 0x36, 0x7f, 0x22, 0x22,
  0x11, 0xbe, 0xe9, 0x1f, 0xa6, 0x39, 0x08, 0x20, 0xfd, 0xc2, 0xf6, 0xe9,
  0x1a, 0xa8, 0x08, 0x33, 0xde, 0xaf, 0x2d, 0x93, 0x81, 0x0d, 0x14, 0x66,
  0x9c, 0xf4, 0x47, 0x12, 0x3b, 0x3b, 0xf9, 0x05, 0xc7, 0xeb, 0x48, 0xc8,
  0xe4, 0x72, 0x07, 0x35, 0x32, 0x41, 0xe1, 0xef, 0x39, 0x58, 0x51, 0xbf,
  0x78, 0xb4, 0x9e, 0x73, 0xde, 0xa9, 0xc4, 0xe3, 0x81, 0x55, 0xac, 0x74,
  0x1f, 0xa7, 0x70, 0xe8, 0xe0, 0xa7, 0x46, 0x4d, 0x4d, 0x14, 0x2a, 0xfa,
  0x0f, 0xd2, 0x68, 0x36, 0x03, 0x6a, 0x33, 0xb1, 0x39, 0xae, 0x06, 0xe8,
  0x7f, 0xc2, 0xe3, 0x8b, 0xb3, 0xf0, 0xef, 0xed, 0x4a, 0x92, 0x42, 0xbe,
  0x3d, 0xb9, 0xc2, 0x90, 0x95, 0xfc, 0xdc, 0x28, 0xd9, 0xc6, 0x1c, 0xe6,
  0xde, 0x5f, 0x3b, 0x2e, 0xe3, 0xde, 0x7f, 0xa5, 0x6d, 0xc4, 0xc8, 0xd1,
  0x39, 0xce, 0x94, 0x49, 0x7a, 0x3a, 0xda, 0x24, 0xc2, 0x25, 0xd1, 0x2a,
  0xf5, 0x56, 0x4e, 0xe4, 0x95, 0x15, 0x1f, 0x22, 0x85, 0x81, 0xd5, 0x40,
  0xf6, 0x58, 0x86, 0x64, 0x4d, 0xa1, 0x3e, 0x5c, 0xab, 0x1b, 0xb1, 0x48,
  0xd1, 0x1c, 0x89, 0x40, 0x08, 0xf0, 0xba, 0x68, 0xbf, 0x95, 0x5a, 0x35,
  0xd4, 0x04, 0x4a, 0xc5, 0x62, 0x74, 0x02, 0x01, 0x47, 0xb5, 0x42, 0x02,
  0xab, 0x54, 0x6a, 0x11, 0x7f, 0x55, 0x04, 0x43, 0x43, 0xc6, 0xc0, 0x1a,
  0x30, 0xb7, 0x84, 0xf8, 0x49, 0x74, 0x84, 0x09, 0x88, 0xb4, 0xac, 0x24,
  0x2a, 0xdf, 0x2e, 0x79, 0x0c, 0xb1, 0x44, 0x38, 0xb8, 0x38, 0x89, 0x63,
  0x81, 0x07, 0x6d, 0xa3, 0x35, 0x4c, 0x86, 0xe0, 0x30, 0xce, 0x31, 0x64,
  0xfe, 0xeb, 0xff, 0xff, 0x04, 0x00, 0x00, 0x00, 0x80, 0x00, 0x00, 0x00,
  0x0e, 0x21, 0x00, 0x00, 0x20, 0x05, 0x00, 0x00, 0x56, 0xe6, 0xff, 0xff,
  0xa2, 0xf8, 0xff, 0xff, 0xac, 0x09, 0x00, 0x00, 0xe3, 0xf7, 0xff, 0xff,
  0xbf, 0xfb, 0xff, 0xff, 0x3d, 0xfb, 0xff, 0xff, 0x42, 0xfe, 0xff, 0xff,
  0x22, 0x00, 0x00, 0x00, 0x54, 0xf8, 0xff, 0xff, 0x3d, 0x1b, 0x00, 0x00,
  0xeb, 0x00, 0x00, 0x00, 0xd0, 0x02, 0x00, 0x00, 0x77, 0xf2, 0xff, 0xff,
  0x87, 0x06, 0x00, 0x00, 0x49, 0x0e, 0x00, 0x00, 0x03, 0xf7, 0xff, 0xff,
  0x5e, 0x01, 0x00, 0x00, 0x1a, 0xfd, 0xff, 0xff, 0x10, 0x0b, 0x00, 0x00,
  0xd5, 0xd7, 0xff, 0xff, 0x8d, 0x25, 0x00, 0x00, 0xf2, 0xf3, 0xff, 0xff,
  0x7a, 0x07, 0x00, 0x00, 0x29, 0x0b, 0x00, 0x00, 0x84, 0xf4, 0xff, 0xff,
  0x62, 0x07, 0x00, 0x00, 0x31, 0x01, 0x00, 0x00, 0xad, 0xff, 0xff, 0xff,
  0xcf, 0xee, 0xff, 0xff, 0xce, 0xfe, 0xff, 0xff, 0x8a, 0xec, 0xff, 0xff,
  0x04, 0x00, 0x00, 0x00, 0x20, 0x01, 0x00, 0x00, 0x41, 0xe6, 0x9b, 0x61,
  0x3c, 0x2c, 0x34, 0x81, 0xef, 0x43, 0x9f, 0x7f, 0x90, 0x88, 0xa5, 0x63,
  0x9a, 0x53, 0x7f, 0x3d, 0xe3, 0x57, 0xdf, 0xa2, 0x4d, 0x3c, 0x9e, 0x44,
  0x14, 0x4e, 0x0b, 0xc8, 0xf0, 0x7f, 0x0a, 0x3c, 0x00, 0x81, 0x5a, 0x08,
  0xa7, 0x8c, 0x13, 0x61, 0x81, 0x04, 0xc9, 0x0f, 0x25, 0x4c, 0x59, 0x7a,
  0x9f, 0x1e, 0x2f, 0x90, 0x63, 0x0c, 0x07, 0x81, 0x4a, 0xc7, 0x2e, 0xe7,
  0x51, 0x5e, 0xda, 0xe4, 0xda, 0x7c, 0xa7, 0x83, 0x13, 0xf2, 0xc4, 0xe4,
  0x1e, 0xc9, 0x09, 0x7f, 0x16, 0x81, 0xff, 0x81, 0x11, 0x1a, 0x2f, 0xbb,
  0x81, 0x25, 0x7f, 0x1e, 0xfe, 0x09, 0xa5, 0xec, 0x24, 0x43, 0x05, 0x21,
  0x76, 0x47, 0x6c, 0x17, 0x7f, 0x05, 0x81, 0x67, 0xea, 0x81, 0x97, 0x5d,
  0xd6, 0x23, 0xa0, 0xeb, 0x54, 0xad, 0x36, 0x7f, 0xfd, 0x20, 0xa8, 0x1c,
  0x50, 0x55, 0x08, 0x95, 0xb9, 0x15, 0x1a, 0x30, 0x81, 0xeb, 0x37, 0xce,
  0xb8, 0x81, 0xd9, 0x2b, 0x02, 0xe7, 0xdf, 0x5c, 0xdf, 0xb8, 0x81, 0xc6,
  0xb2, 0x5a, 0xf5, 0x36, 0xb2, 0x7f, 0x18, 0xa1, 0x38, 0x17, 0x81, 0x19,
  0x45, 0xca, 0x81, 0xb8, 0xcc, 0x1b, 0x24, 0x1d, 0xf5, 0xf0, 0x2e, 0xde,
  0xb7, 0xe0, 0x28, 0x35, 0x25, 0x73, 0x03, 0x37, 0x76, 0x34, 0xfa, 0x4d,
  0x0d, 0x2d, 0x22, 0x9d, 0xcc, 0x2e, 0x9a, 0x0c, 0x7f, 0x96, 0x36, 0x81,
  0x14, 0x34, 0x61, 0xcc, 0xc8, 0xaf, 0x19, 0x50, 0xca, 0xaa, 0xaf, 0x2e,
  0x81, 0xca, 0x59, 0xd4, 0x7f, 0x7f, 0x7f, 0x3d, 0xd1, 0xa7, 0x3f, 0x1c,
  0x7f, 0x7f, 0x46, 0x81, 0xac, 0x51, 0xaf, 0x20, 0xa7, 0x58, 0xd1, 0xf9,
  0xfc, 0xdf, 0x31, 0x25, 0xb0, 0x99, 0x7f, 0x44, 0xfc, 0xf3, 0x17, 0x0d,
  0x05, 0x96, 0xc5, 0xe4, 0xe5, 0xee, 0x18, 0xc0, 0xcf, 0x8d, 0xc9, 0xb9,
  0x2d, 0x05, 0xaa, 0xf5, 0xf9, 0xe3, 0x81, 0x47, 0x57, 0x48, 0xd6, 0xe3,
  0x2e, 0xf7, 0x74, 0x5a, 0xc9, 0xb2, 0x8c, 0x9e, 0x33, 0x46, 0x2b, 0x89,
  0x05, 0xa9, 0x3d, 0x89, 0x48, 0xff, 0x77, 0x47, 0xb6, 0xed, 0xff, 0xff,
  0x04, 0x00, 0x00, 0x00, 0x80, 0x00, 0x00, 0x00, 0xad, 0xfb, 0xff, 0xff,
  0x0a, 0xf8, 0xff, 0xff, 0x3e, 0x0c, 0x00, 0x00, 0xdd, 0xfd, 0xff, 0xff,
  0xe0, 0x04, 0x00, 0x00, 0x9f, 0xf8, 0xff, 0xff, 0x17, 0xfc, 0xff, 0xff,
  0x5c, 0x07, 0x00, 0x00, 0x88, 0x00, 0x00, 0x00, 0x56, 0x0b, 0x00, 0x00,
  0x16, 0x05, 0x00, 0x00, 0x9f, 0xf2, 0xff, 0xff, 0xd7, 0x0d, 0x00, 0x00,
  0x80, 0x15, 0x00, 0x00, 0x14, 0x01, 0x00, 0x00, 0x20, 0xe8, 0xff, 0xff,
  0xe2, 0x06, 0x00, 0x00, 0x67, 0x00, 0x00, 0x00, 0x91, 0xff, 0xff, 0xff,
  0xed, 0x00, 0x00, 0x00, 0x30, 0xfc, 0xff, 0xff, 0x96, 0xf4, 0xff, 0xff,
  0x4d, 0xf8, 0xff, 0xff, 0xd3, 0x03, 0x00, 0x00, 0x5b, 0x01, 0x00, 0x00,
  0xfe, 0xf9, 0xff, 0xff, 0x94, 0xfa, 0xff, 0xff, 0x60, 0x10, 0x00, 0x00,
  0x75, 0xf3, 0xff, 0xff, 0x0c, 0xfe, 0xff, 0xff, 0xe1, 0x02, 0x00, 0x00,
  0x9d, 0x09, 0x00, 0x00, 0x42, 0xee, 0xff, 0xff, 0x04, 0x00, 0x00, 0x00,
  0x00, 0x04, 0x00, 0x00, 0x81, 0xe1, 0x6e, 0x61, 0x5f, 0x53, 0x30, 0x81,
  0x28, 0xa8, 0x20, 0xef, 0xb5, 0xa8, 0x5f, 0x25, 0x88, 0x19, 0x97, 0x51,
  0xa1, 0x02, 0xad, 0xcf, 0x6e, 0xa2, 0xd8, 0x58, 0xd0, 0xda, 0xe0, 0x63,
  0x5b, 0x04, 0xd6, 0xa2, 0x3e, 0x81, 0x37, 0x11, 0x0c, 0x2c, 0x46, 0x8b,
  0x96, 0xc3, 0x9e, 0x7c, 0xe7, 0x39, 0x52, 0x0e, 0xab, 0xdf, 0x60, 0x13,
  0x3e, 0xa5, 0xe3, 0x59, 0xab, 0x28, 0x48, 0x3a, 0x7f, 0x9c, 0x1b, 0x6b,
  0xa8, 0x16, 0xe9, 0x23, 0xa2, 0x9d, 0x28, 0xe8, 0xdd, 0xfc, 0xc6, 0x0e,
  0xc2, 0x75, 0x63, 0x53, 0xf3, 0xb1, 0xda, 0xa8, 0x35, 0x3e, 0x61, 0x51,
  0x6a, 0xd8, 0xb9, 0x64, 0xf8, 0x38, 0x48, 0x5e, 0x7f, 0xfe, 0xe5, 0x13,
  0x9c, 0xd1, 0xb3, 0x63, 0x56, 0x15, 0xeb, 0x3d, 0xf8, 0x9e, 0xfe, 0x19,
  0xa3, 0x23, 0x39, 0x3c, 0x51, 0x3f, 0xd8, 0x0b, 0xa9, 0x9b, 0xbb, 0xb1,
  0x66, 0x66, 0xf1, 0x9b, 0xb8, 0x92, 0xea, 0x28, 0xec, 0x49, 0x97, 0x71,
  0xcc, 0x56, 0x98, 0x7f, 0x11, 0xbb, 0xa0, 0x06, 0xe4, 0x09, 0x15, 0xf1,
  0xd1, 0xae, 0x23, 0xbf, 0xf6, 0x91, 0x64, 0x99, 0x3d, 0x30, 0x38, 0x7f,
  0xa5, 0xd0, 0x43, 0x1f, 0x0b, 0x0c, 0xb4, 0x85, 0x6d, 0x48, 0xbe, 0x50,
  0x54, 0x8e, 0x96, 0x40, 0x30, 0xec, 0xb9, 0xfc, 0x5e, 0x51, 0x8e, 0xcb,
  0x09, 0x7e, 0x20, 0x24, 0xf8, 0x81, 0x45, 0x67, 0x9f, 0xbc, 0x6c, 0xb2,
  0xd8, 0x06, 0xe9, 0xe0, 0xb3, 0x56, 0xb1, 0xcb, 0xf6, 0x29, 0x2d, 0xc7,
  0xf3, 0x24, 0x31, 0x92, 0x57, 0x51, 0x61, 0x40, 0xee, 0xc3, 0x15, 0xdd,
  0x7f, 0x4e, 0x1c, 0x6c, 0x0b, 0x93, 0x68, 0x17, 0xe4, 0x45, 0xe3, 0x10,
  0x2e, 0x30, 0x53, 0x45, 0xba, 0xa9, 0xa2, 0xa1, 0x5c, 0x60, 0xdd, 0x97,
  0x01, 0xf1, 0xe5, 0x36, 0x48, 0x89, 0xf1, 0xee, 0x16, 0x73, 0x65, 0x56,
  0xd5, 0x11, 0xc5, 0x99, 0xf8, 0x81, 0xe7, 0x05, 0x51, 0x54, 0x8e, 0x53,
  0x63, 0x48, 0x1a, 0xfb, 0x08, 0x88, 0xca, 0xab, 0x23, 0x61, 0xa0, 0x08,
  0x6e, 0xee, 0x3e, 0xd1, 0x75, 0xf8, 0xe7, 0xe7, 0xd1, 0xb9, 0x81, 0x09,
  0xf1, 0x20, 0x03, 0xcd, 0xc6, 0x68, 0xe7, 0xd6, 0x50, 0x31, 0xfe, 0xb7,
  0xbd, 0xac, 0x2d, 0xb4, 0x99, 0xb9, 0x34, 0x28, 0x42, 0xe6, 0xcb, 0xfb,
  0x75, 0x91, 0x7e, 0xea, 0x61, 0xdf, 0x41, 0x61, 0xe6, 0x70, 0xa0, 0x5f,
  0x9c, 0x00, 0x3f, 0x4c, 0xa0, 0x05, 0xaf, 0x0e, 0x8f, 0x18, 0x5e, 0xed,
  0xcf, 0xa7, 0x78, 0x7f, 0x4b, 0xaf, 0xcf, 0x41, 0x15, 0xa6, 0x6a, 0xbd,
  0x13, 0xf5, 0x14, 0xbd, 0xb3, 0x03, 0x10, 0xec, 0x7c, 0xff, 0xc4, 0xcb,
  0xa3, 0x09, 0xb1, 0xa6, 0x45, 0x6b, 0x81, 0x04, 0xdd, 0x00, 0xde, 0x06,
  0x36, 0x92, 0x36, 0xa9, 0x11, 0x47, 0x3d, 0x1f, 0x55, 0x3d, 0xd4, 0xde,
  0xfb, 0x70, 0xa8, 0x59, 0x11, 0x9f, 0xca, 0x1b, 0x3d, 0x25, 0xd2, 0xc4,
  0xdd, 0x33, 0x7f, 0x13, 0x53, 0x6a, 0x3c, 0x1c, 0x1a, 0xdf, 0xbc, 0x47,
  0xcb, 0x1f, 0x9d, 0x83, 0xc3, 0x94, 0x7d, 0xf6, 0xad, 0x5c, 0x34, 0x92,
  0xf9, 0x86, 0x2a, 0x54, 0x01, 0x64, 0x0d, 0xd1, 0x48, 0x81, 0x5b, 0x29,
  0x9e, 0xe1, 0x90, 0x68, 0x87, 0x9b, 0x92, 0x1a, 0xe0, 0x90, 0x9e, 0xf5,
  0x43, 0x0c, 0xd4, 0x29, 0x2f, 0xcb, 0x02, 0x09, 0xf7, 0x79, 0xf3, 0x0c,
  0xa5, 0xcc, 0xbf, 0xab, 0x3c, 0x10, 0x36, 0x99, 0x39, 0x81, 0xc3, 0xa0,
  0xc4, 0x25, 0xe0, 0xfa, 0x9e, 0x3d, 0x46, 0xc3, 0xde, 0xf4, 0xb2, 0x55,
  0xb6, 0xe8, 0xe0, 0xfc, 0x0f, 0xb5, 0xc0, 0x0e, 0x35, 0x5d, 0x81, 0xc6,
  0x09, 0xbb, 0xa0, 0xd0, 0x45, 0x0b, 0x0d, 0x48, 0xd1, 0xe8, 0x5d, 0x5b,
  0x6a, 0x70, 0xe7, 0xb5, 0x57, 0x59, 0xbd, 0x9f, 0xf6, 0x7c, 0xa5, 0x12,
  0x3a, 0xbe, 0xe8, 0xd4, 0x1d, 0x13, 0xb5, 0x13, 0x11, 0x55, 0xb3, 0x21,
  0x1f, 0xb7, 0x52, 0x0a, 0xf8, 0x81, 0x30, 0xc6, 0xa9, 0x28, 0x3d, 0x60,
  0xcd, 0xff, 0xba, 0xd6, 0xff, 0x53, 0xd6, 0xed, 0x42, 0xc6, 0xb1, 0xae,
  0x0a, 0x43, 0x99, 0x04, 0xc9, 0xca, 0x58, 0x51, 0x35, 0xc7, 0xe5, 0x9f,
  0x63, 0xe4, 0x4e, 0x81, 0x0b, 0x1a, 0xd3, 0x07, 0x39, 0x1a, 0x6c, 0x79,
  0x1e, 0x2f, 0x23, 0x78, 0x0c, 0x85, 0x81, 0x9b, 0x65, 0xe5, 0x96, 0xe5,
  0xa7, 0x04, 0x50, 0x4c, 0x2e, 0x0c, 0xdc, 0x84, 0xf0, 0x2d, 0x99, 0xdd,
  0x34, 0x5b, 0x4f, 0xf0, 0xe7, 0x8a, 0xc0, 0xaa, 0x09, 0xfd, 0x38, 0xb4,
  0xd7, 0x60, 0x69, 0x7f, 0xf0, 0xed, 0xc4, 0xd5, 0x35, 0x2d, 0x54, 0x5e,
  0xd4, 0x44, 0x9d, 0xc9, 0x13, 0x15, 0x10, 0xb2, 0xa6, 0x16, 0x24, 0xb8,
  0x97, 0x26, 0x94, 0x2e, 0x0c, 0x73, 0x23, 0x59, 0xf8, 0x90, 0x35, 0x9f,
  0x81, 0x3f, 0x47, 0x3b, 0xae, 0x14, 0x47, 0x18, 0x1d, 0x5d, 0x10, 0x16,
  0x88, 0xc8, 0xac, 0x13, 0x01, 0x05, 0x14, 0xc0, 0x9d, 0x0a, 0xa6, 0x27,
  0xdb, 0x3e, 0x9d, 0x1f, 0xd3, 0x5d, 0xcf, 0x92, 0xf2, 0x93, 0xad, 0x0b,
  0xf0, 0x99, 0x41, 0x58, 0x5f, 0x61, 0x81, 0x81, 0xeb, 0x22, 0x18, 0xaf,
  0xab, 0xbf, 0x4a, 0x5b, 0xb1, 0x36, 0x06, 0x05, 0xdb, 0xd0, 0x4c, 0xed,
  0x81, 0x85, 0x0a, 0xc1, 0xc5, 0xd6, 0x6c, 0xc3, 0xb6, 0x9f, 0x08, 0xf0,
  0x96, 0xeb, 0xf5, 0x41, 0x60, 0xfc, 0x07, 0x2c, 0x1f, 0x2c, 0xe6, 0xe8,
  0x7f, 0x48, 0x68, 0x16, 0xc7, 0x48, 0xd3, 0xdb, 0xab, 0x3e, 0xd7, 0x5b,
  0xf7, 0xef, 0x1d, 0xf3, 0xcc, 0xe2, 0x16, 0x16, 0x3c, 0x9e, 0x41, 0xb4,
  0xa8, 0xba, 0xc3, 0x50, 0x33, 0x39, 0xf0, 0xd6, 0x11, 0x06, 0xc7, 0x6d,
  0x40, 0x6f, 0xce, 0x77, 0xcb, 0xe3, 0x3f, 0x05, 0x81, 0x34, 0xf9, 0xf8,
  0x48, 0xcd, 0x56, 0x75, 0x09, 0x58, 0x0d, 0xbd, 0x1f, 0x36, 0xa1, 0xdf,
  0x0f, 0x8c, 0x73, 0xe9, 0xe0, 0xf1, 0xae, 0x9a, 0xa4, 0xd1, 0x2d, 0x9a,
  0x6d, 0xea, 0x90, 0x13, 0x3f, 0x07, 0xa5, 0x9b, 0x7f, 0xe3, 0xb8, 0xf4,
  0xff, 0xda, 0x10, 0xbc, 0xdf, 0xfc, 0xc3, 0xd9, 0xd5, 0xe9, 0x9e, 0x39,
  0x6e, 0x4a, 0x5a, 0xc6, 0xbb, 0x38, 0xe8, 0xeb, 0x4f, 0x3d, 0x24, 0xa9,
  0xe4, 0xf3, 0x94, 0xb6, 0xdb, 0x1c, 0xbf, 0xc9, 0xd6, 0x81, 0xf2, 0x38,
  0xac, 0x64, 0xcf, 0xe5, 0x77, 0x7f, 0xc3, 0x93, 0xf1, 0xc2, 0xf2, 0x2b,
  0xbe, 0xbb, 0xde, 0xb0, 0x06, 0xeb, 0x67, 0x15, 0xcf, 0x74, 0xca, 0x50,
  0x83, 0x51, 0x98, 0x19, 0xc8, 0x53, 0x1a, 0xd4, 0x26, 0xc7, 0xbb, 0x16,
  0xc4, 0x1b, 0xe8, 0x0e, 0x2f, 0xff, 0x2d, 0x5c, 0xd8, 0x31, 0xc6, 0x7f,
  0x1f, 0x5f, 0xad, 0x21, 0x52, 0xd4, 0x94, 0x24, 0xe0, 0x05, 0x36, 0x23,
  0x06, 0xf8, 0xda, 0xb9, 0xac, 0x11, 0xac, 0x32, 0x0a, 0xda, 0x1c, 0x55,
  0x94, 0x8c, 0xcf, 0x26, 0x42, 0xa5, 0x0b, 0x7c, 0x9e, 0xff, 0x81, 0x15,
  0x25, 0xd9, 0xbf, 0x48, 0xce, 0x8f, 0x2d, 0x2e, 0x3b, 0xef, 0x95, 0xce,
  0x9f, 0xd8, 0x4c, 0x86, 0xf7, 0x4a, 0x5b, 0x73, 0xa8, 0x4b, 0x0e, 0xd9,
  0x0c, 0xac, 0xaf, 0xd0, 0x41, 0xbe, 0x81, 0x3a, 0x43, 0x70, 0xc5, 0xf8,
  0xa6, 0x82, 0x1c, 0x40, 0xc2, 0x01, 0xee, 0x17, 0xaf, 0x00, 0xa1, 0x15,
  0xfe, 0xaa, 0x26, 0x66, 0x5b, 0xb7, 0x63, 0x81, 0xff, 0x5a, 0xac, 0xd6,
  0xea, 0x9d, 0x33, 0xe0, 0x5e, 0xef, 0xfd, 0x1f, 0xa0, 0xda, 0x43, 0xeb,
  0xe5, 0x05, 0x53, 0x12, 0xd6, 0x6b, 0xd0, 0x35, 0x4e, 0xf2, 0xff, 0xff,
  0x04, 0x00, 0x00, 0x00, 0x80, 0x00, 0x00, 0x00, 0x8e, 0x06, 0x00, 0x00,
  0xa5, 0xfe, 0xff, 0xff, 0x93, 0xf9, 0xff, 0xff, 0x25, 0xf9, 0xff, 0xff,
  0x40, 0x09, 0x00, 0x00, 0x4d, 0xf7, 0xff, 0xff, 0xfe, 0x04, 0x00, 0x00,
  0x43, 0xf4, 0xff, 0xff, 0xf8, 0xfa, 0xff, 0xff, 0x98, 0x0f, 0x00, 0x00,
  0xcb, 0xed, 0xff, 0xff, 0xdf, 0x0c, 0x00, 0x00, 0x34, 0xec, 0xff, 0xff,
  0x2d, 0x14, 0x00, 0x00, 0x61, 0x12, 0x00, 0x00, 0x2f, 0x0b, 0x00, 0x00,
  0xfa, 0xfd, 0xff, 0xff, 0x67, 0x08, 0x00, 0x00, 0xac, 0xfc, 0xff, 0xff,
  0x4b, 0xfb, 0xff, 0xff, 0xd6, 0x04, 0x00, 0x00, 0x75, 0x0e, 0x00, 0x00,
  0xfa, 0x0e, 0x00, 0x00, 0x48, 0xfc, 0xff, 0xff, 0x4c, 0xef, 0xff, 0xff,
  0x13, 0x17, 0x00, 0x00, 0xa6, 0x0b, 0x00, 0x00, 0xeb, 0x06, 0x00, 0x00,
  0x75, 0xf8, 0xff, 0xff, 0x7f, 0x11, 0x00, 0x00, 0xa9, 0x04, 0x00, 0x00,
  0x27, 0xfe, 0xff, 0xff, 0xda, 0xf2, 0xff, 0xff, 0x04, 0x00, 0x00, 0x00,
  0x20, 0x01, 0x00, 0x00, 0x81, 0x81, 0x4f, 0xea, 0xfb, 0x36, 0xa1, 0xc2,
  0x55, 0x7f, 0x78, 0x1d, 0x00, 0x72, 0xf8, 0xbf, 0xce, 0xa1, 0x7f, 0x7e,
  0xe3, 0x74, 0x90, 0x51, 0x30, 0x2e, 0xd5, 0x1a, 0x39, 0x59, 0xfe, 0x75,
  0x98, 0xe4, 0x74, 0xb5, 0xd7, 0x38, 0x2e, 0x97, 0x2d, 0xc6, 0xfe, 0x59,
  0x2d, 0x81, 0xb0, 0x58, 0x6f, 0xdc, 0xbd, 0x1a, 0x21, 0xbc, 0x81, 0x81,
  0x9f, 0x74, 0xdb, 0x6f, 0x7f, 0x0a, 0xfe, 0xd0, 0x0b, 0xbc, 0xeb, 0xb0,
  0xa7, 0x10, 0x85, 0xa7, 0x51, 0x5f, 0x55, 0xb5, 0xfe, 0xe8, 0xdf, 0xcc,
  0xff, 0x35, 0xaa, 0x81, 0x5e, 0xdc, 0xa6, 0x1f, 0xe2, 0x19, 0xce, 0x7f,
  0x4a, 0x5b, 0x91, 0x15, 0xb3, 0xd4, 0x81, 0x8d, 0x52, 0x60, 0x84, 0x91,
  0x0b, 0x7b, 0x10, 0x13, 0xa0, 0x52, 0xab, 0x81, 0xde, 0x81, 0x3c, 0xdd,
  0xe7, 0x7f, 0xcd, 0x56, 0x7f, 0xc9, 0x81, 0x3e, 0xc0, 0x55, 0x3b, 0x7f,
  0x87, 0xbc, 0x88, 0xbf, 0x5b, 0x1d, 0x14, 0xb8, 0x81, 0x13, 0x4e, 0xba,
  0xd6, 0x9d, 0xbf, 0x17, 0x2f, 0x18, 0x13, 0xf3, 0xbc, 0x13, 0x9d, 0x24,
  0xed, 0x71, 0x02, 0x55, 0x51, 0x81, 0x81, 0x24, 0x12, 0xef, 0x0d, 0x81,
  0xe3, 0x15, 0x81, 0x24, 0x66, 0x35, 0xfc, 0x81, 0xe2, 0x5f, 0x00, 0xde,
  0xaf, 0x11, 0xdc, 0x0c, 0x57, 0x7b, 0x0e, 0xc9, 0xea, 0x27, 0xf6, 0x4a,
  0xd7, 0x55, 0x4a, 0xbd, 0xba, 0xb7, 0x2c, 0xc0, 0x72, 0x39, 0xe0, 0xf8,
  0x1d, 0x49, 0x67, 0xe2, 0x8e, 0x2e, 0xb0, 0x30, 0x7f, 0xad, 0x0f, 0xf6,
  0x81, 0x14, 0x93, 0x2a, 0xff, 0x7f, 0x10, 0x5f, 0xe5, 0x0c, 0x02, 0x50,
  0x24, 0xc2, 0x1f, 0x91, 0x7f, 0x81, 0x4f, 0x81, 0x09, 0x60, 0xdc, 0x35,
  0xcc, 0xbb, 0xcf, 0x19, 0x0e, 0x06, 0xd2, 0x37, 0xea, 0x93, 0xd3, 0x8c,
  0xc8, 0x64, 0xdf, 0xec, 0x51, 0xb9, 0x26, 0x43, 0xfc, 0xb3, 0xfd, 0xe7,
  0x3a, 0x55, 0x11, 0x30, 0x8d, 0x49, 0x7f, 0xf8, 0x81, 0x08, 0x81, 0xd4,
  0x48, 0x37, 0x32, 0x41, 0x2c, 0xaf, 0x40, 0x09, 0x58, 0xf9, 0xfc, 0x75,
  0x2e, 0x2c, 0x41, 0xf5, 0x06, 0xf4, 0xff, 0xff, 0x04, 0x00, 0x00, 0x00,
  0x80, 0x00, 0x00, 0x00, 0x0e, 0x0f, 0x00, 0x00, 0x3f, 0x18, 0x00, 0x00,
  0x3e, 0x00, 0x00, 0x00, 0xc6, 0x1f, 0x00, 0x00, 0xac, 0xf3, 0xff, 0xff,
  0xa4, 0xf7, 0xff, 0xff, 0x68, 0x0a, 0x00, 0x00, 0x9b, 0x11, 0x00, 0x00,
  0x90, 0xfe, 0xff, 0xff, 0x54, 0xec, 0xff, 0xff, 0xd6, 0xef, 0xff, 0xff,
  0xe2, 0x01, 0x00, 0x00, 0xa0, 0x10, 0x00, 0x00, 0x27, 0x02, 0x00, 0x00,
  0x98, 0x18, 0x00, 0x00, 0xec, 0x01, 0x00, 0x00, 0xd7, 0xf7, 0xff, 0xff,
  0x8d, 0x03, 0x00, 0x00, 0xf7, 0xfe, 0xff, 0xff, 0xb7, 0xfc, 0xff, 0xff,
  0xd6, 0xff, 0xff, 0xff, 0x60, 0xfc, 0xff, 0xff, 0x14, 0x16, 0x00, 0x00,
  0xbf, 0x00, 0x00, 0x00, 0xf0, 0xff, 0xff, 0xff, 0xeb, 0xeb, 0xff, 0xff,
  0xcf, 0x0a, 0x00, 0x00, 0xf5, 0xe9, 0xff, 0xff, 0x53, 0xf3, 0xff, 0xff,
  0x29, 0xfb, 0xff, 0xff, 0xaa, 0x00, 0x00, 0x00, 0x66, 0xf4, 0xff, 0xff,
  0x92, 0xf4, 0xff, 0xff, 0x04, 0x00, 0x00, 0x00, 0x00, 0x04, 0x00, 0x00,
  0x70, 0x02, 0xc2, 0xdf, 0x73, 0xa6, 0xba, 0xb7, 0x3f, 0xd7, 0x2d, 0x0b,
  0x87, 0xca, 0x2b, 0x0e, 0x5b, 0x55, 0x17, 0x54, 0xa2, 0xf9, 0x36, 0xda,
  0x53, 0x82, 0x4f, 0xdf, 0x7f, 0x2d, 0x3d, 0x25, 0x10, 0x03, 0x16, 0x79,
  0x9d, 0x55, 0x81, 0x5f, 0x17, 0x30, 0xba, 0x07, 0xcb, 0xd5, 0x9c, 0x85,
  0xbf, 0x40, 0xd9, 0x16, 0x46, 0xa4, 0xfb, 0x53, 0x1d, 0xc9, 0xa7, 0xc8,
  0x86, 0x68, 0x11, 0x8b, 0xee, 0x81, 0x42, 0xd4, 0x32, 0xb5, 0x06, 0xfd,
  0xf9, 0x65, 0x21, 0xe4, 0xa6, 0xd4, 0x4d, 0x30, 0x19, 0x4d, 0x38, 0x43,
  0xe9, 0xf1, 0x3b, 0x11, 0x8f, 0x92, 0x2a, 0x0e, 0x90, 0xe3, 0x44, 0xb0,
  0x64, 0x0d, 0x9f, 0x9a, 0xe8, 0x2b, 0x4d, 0xf1, 0x81, 0xfd, 0xe8, 0x1f,
  0x35, 0x7b, 0xb1, 0x91, 0xfa, 0x3c, 0xc2, 0x8e, 0x99, 0xcb, 0xdc, 0xa5,
  0xb0, 0x21, 0x8d, 0x09, 0x6f, 0xc3, 0xc8, 0xce, 0xf3, 0xfa, 0xd2, 0x04,
  0x31, 0x7f, 0xe0, 0x47, 0xa5, 0x15, 0xe6, 0x35, 0x2a, 0xdc, 0xf0, 0x25,
  0x65, 0x78, 0x20, 0x66, 0x8e, 0xf7, 0xae, 0x35, 0x12, 0xd4, 0x84, 0xde,
  0x70, 0x41, 0x20, 0xc4, 0x7f, 0xd6, 0x91, 0xa2, 0x7d, 0xca, 0xd7, 0xf8,
  0xd9, 0x3d, 0xf8, 0xa3, 0xa1, 0x4e, 0x37, 0x29, 0xeb, 0x27, 0x64, 0x45,
  0xca, 0x1b, 0x76, 0x03, 0xb0, 0x99, 0xe8, 0x26, 0x6a, 0x44, 0x10, 0x33,
  0x65, 0xaa, 0xd6, 0xc7, 0x4c, 0xc2, 0x3b, 0xe7, 0x4f, 0x11, 0x06, 0x1f,
  0x0e, 0x5e, 0x33, 0xf8, 0x59, 0x99, 0x8f, 0x32, 0x9d, 0xdf, 0xb5, 0x30,
  0xf7, 0xf4, 0x7f, 0x57, 0xce, 0x18, 0x4d, 0x1a, 0x19, 0x85, 0x91, 0x7a,
  0x17, 0x98, 0xcf, 0x0d, 0xfa, 0x7b, 0x0f, 0xe2, 0xd7, 0x6c, 0x73, 0x71,
  0x08, 0xa2, 0xe1, 0xfd, 0xce, 0xf9, 0xec, 0xaa, 0x75, 0x25, 0x92, 0x46,
  0x7f, 0xcb, 0xd6, 0x59, 0xea, 0xfa, 0x49, 0x41, 0xfa, 0x34, 0x62, 0xd4,
  0x3d, 0x1e, 0x13, 0x12, 0x16, 0x88, 0xe4, 0xe7, 0xe0, 0xe3, 0xaa, 0x41,
  0x29, 0xd3, 0x1a, 0x81, 0x0a, 0x0d, 0xd4, 0xf1, 0x14, 0xc4, 0xe4, 0xf3,
  0x60, 0xe9, 0x1d, 0xc5, 0x7d, 0xdb, 0x0c, 0xb6, 0xd5, 0x1f, 0x13, 0xc1,
  0x2f, 0x4f, 0x43, 0xfa, 0x7f, 0x1c, 0xfe, 0x70, 0x5a, 0x3d, 0xe3, 0x4b,
  0xd5, 0x22, 0xd4, 0x73, 0x96, 0xdc, 0xe1, 0xfc, 0x02, 0xee, 0xff, 0x65,
  0xfb, 0x5d, 0x3f, 0xcc, 0xd8, 0xd6, 0x81, 0xd4, 0x0a, 0x81, 0xa9, 0xb0,
  0x0b, 0xf9, 0xa5, 0x93, 0xd3, 0x2a, 0x34, 0x20, 0x1a, 0x11, 0x36, 0x92,
  0x60, 0x5e, 0x38, 0x23, 0x11, 0xde, 0x95, 0x56, 0xc4, 0x65, 0xca, 0x3f,
  0xa8, 0x14, 0xd0, 0xcf, 0x4d, 0xf0, 0x31, 0x3b, 0x29, 0x03, 0x09, 0xbd,
  0xdf, 0xca, 0xde, 0x4f, 0x15, 0xea, 0xf4, 0x81, 0xa2, 0x54, 0x8f, 0xfa,
  0x09, 0xf5, 0x7f, 0xb7, 0x21, 0xe6, 0x41, 0xe7, 0x57, 0xda, 0x41, 0xbb,
  0x5f, 0xbf, 0xbd, 0xe9, 0x0a, 0x4d, 0xe4, 0x20, 0xbd, 0xcd, 0xb3, 0x52,
  0x19, 0xa5, 0x00, 0x2c, 0x36, 0x0e, 0x52, 0xc3, 0x47, 0xfd, 0xff, 0x7f,
  0xd7, 0xfa, 0x02, 0xa7, 0x60, 0x5d, 0x8a, 0x43, 0xb1, 0xb7, 0xee, 0xe0,
  0xa2, 0xa7, 0x47, 0xec, 0x37, 0x26, 0x06, 0xec, 0x8f, 0x53, 0xc6, 0xd2,
  0xf5, 0xa7, 0x4f, 0x0d, 0xcc, 0x0b, 0xef, 0x81, 0x02, 0x16, 0x46, 0xc0,
  0x05, 0x05, 0xf3, 0x9f, 0xb6, 0xb6, 0x62, 0xbd, 0xd9, 0xce, 0x6f, 0xd3,
  0xc5, 0x1d, 0xb1, 0x3e, 0xe4, 0xb9, 0x11, 0x5d, 0x20, 0x43, 0xe7, 0x40,
  0xb7, 0x8c, 0x1e, 0x2d, 0x21, 0x40, 0x49, 0x9c, 0x0d, 0x1f, 0x14, 0xdf,
  0xa3, 0x4f, 0x4c, 0x08, 0x48, 0x73, 0xd4, 0xcc, 0x6f, 0x4d, 0x36, 0xe9,
  0xdc, 0x81, 0x5a, 0x62, 0x4d, 0xec, 0x02, 0x0d, 0xa4, 0xf5, 0xb9, 0x7f,
  0xa5, 0x71, 0xf9, 0xfa, 0x03, 0x55, 0x41, 0x60, 0x12, 0x33, 0x97, 0xe8,
  0xae, 0x48, 0xa4, 0x3a, 0xb0, 0x2c, 0xd3, 0xb0, 0x3d, 0xb5, 0xec, 0x51,
  0xcb, 0x3f, 0x1d, 0xf8, 0x39, 0xe5, 0x49, 0x36, 0x59, 0x45, 0x23, 0x25,
  0xa9, 0x81, 0x4e, 0x86, 0xe9, 0x3a, 0xef, 0xc9, 0x19, 0x28, 0x7e, 0xd2,
  0x18, 0x7b, 0x0c, 0x9e, 0x57, 0xc8, 0xf5, 0xca, 0xe1, 0x13, 0xcb, 0x98,
  0xa6, 0xbc, 0xc5, 0x86, 0x22, 0xfc, 0x29, 0x85, 0xf2, 0xff, 0x7c, 0xcb,
  0x15, 0xe3, 0x7f, 0xdf, 0xe1, 0x73, 0x70, 0xd6, 0x32, 0x4d, 0x55, 0xe8,
  0x27, 0x90, 0x66, 0x75, 0xf0, 0x10, 0xb4, 0x54, 0x26, 0xaf, 0x01, 0x1f,
  0x54, 0xea, 0x07, 0x4e, 0x0b, 0x3e, 0xcd, 0xfb, 0x4e, 0x57, 0xcf, 0x21,
  0xf4, 0x3d, 0x60, 0x23, 0x34, 0x0a, 0x31, 0x7f, 0xf6, 0x50, 0xb0, 0xd8,
  0x17, 0x53, 0x03, 0xf9, 0x2b, 0xbf, 0x1d, 0xc7, 0x4a, 0x33, 0x3c, 0xf4,
  0x81, 0x34, 0xe5, 0xbd, 0x9f, 0x6b, 0x46, 0x02, 0xe9, 0x07, 0x51, 0x5d,
  0x54, 0x6b, 0x01, 0xbf, 0xbd, 0xaa, 0x4c, 0x09, 0xfe, 0x07, 0xe7, 0x62,
  0x4e, 0xfa, 0x21, 0x66, 0xd4, 0x4c, 0x5e, 0x1d, 0x44, 0x53, 0x35, 0xc2,
  0xf1, 0xd7, 0xf2, 0x3c, 0xfd, 0xbb, 0x00, 0x03, 0xe9, 0x92, 0xed, 0xb7,
  0x1f, 0xba, 0xfd, 0xfd, 0x81, 0x9f, 0xfc, 0x97, 0x28, 0xbe, 0x49, 0x7f,
  0xf8, 0xad, 0xde, 0x84, 0xc3, 0x2c, 0xcc, 0x31, 0xbf, 0x2c, 0xbb, 0x97,
  0xb9, 0xae, 0x24, 0x51, 0x5b, 0xdd, 0x85, 0x13, 0xfa, 0x1f, 0xde, 0xba,
  0x43, 0x66, 0x28, 0x25, 0x38, 0x4b, 0x04, 0x21, 0x5e, 0xce, 0xd0, 0xab,
  0xdc, 0xc0, 0xee, 0x35, 0xef, 0x7f, 0xb6, 0xb8, 0x5d, 0x26, 0xd5, 0x78,
  0xfa, 0x96, 0x45, 0x45, 0x0e, 0x91, 0x56, 0x3f, 0xa1, 0xec, 0xf7, 0x35,
  0x62, 0x4b, 0x06, 0x4c, 0x04, 0x3a, 0x1b, 0x31, 0xb0, 0xca, 0xfe, 0x12,
  0x7f, 0xd9, 0xc2, 0xb9, 0xe8, 0x2a, 0xce, 0xb0, 0x92, 0xbf, 0x03, 0xf4,
  0x21, 0x01, 0xf8, 0x07, 0xb3, 0xee, 0x41, 0x25, 0x81, 0x3d, 0x1b, 0x5d,
  0xc3, 0x6e, 0xba, 0x3c, 0x4b, 0x28, 0x35, 0xe9, 0xae, 0x0b, 0x43, 0x5c,
  0xc7, 0x1d, 0xc8, 0x61, 0x2f, 0x92, 0x26, 0x3a, 0xa5, 0x99, 0x37, 0x10,
  0x0d, 0x9f, 0x01, 0xd7, 0xbc, 0x85, 0xe0, 0x19, 0xe8, 0xe2, 0xf8, 0x13,
  0xb8, 0xf9, 0x08, 0x48, 0x5a, 0x12, 0xbe, 0x08, 0xd0, 0x14, 0x27, 0x4f,
  0x20, 0xb3, 0xda, 0x40, 0x5f, 0x37, 0x03, 0x7f, 0xd8, 0x99, 0xf2, 0x38,
  0x3f, 0x55, 0xc3, 0x03, 0x5e, 0xc1, 0x3e, 0xff, 0xff, 0x2f, 0xb5, 0xd4,
  0x88, 0xe8, 0xff, 0xd4, 0x35, 0x0f, 0x5b, 0xa1, 0x75, 0x64, 0xbf, 0x5e,
  0x7f, 0x55, 0x1d, 0x8d, 0x73, 0x04, 0x49, 0xa4, 0x36, 0xa5, 0x4b, 0x7f,
  0x4c, 0x39, 0x7c, 0x92, 0x45, 0xd7, 0x2e, 0xf8, 0x64, 0x9e, 0xbe, 0xeb,
  0x37, 0xb5, 0x8a, 0xdd, 0xe6, 0xd9, 0x25, 0xf4, 0x9d, 0x46, 0xb8, 0xf8,
  0xed, 0x38, 0x4c, 0xe2, 0xff, 0x81, 0x50, 0xe2, 0xd1, 0x12, 0xdf, 0x18,
  0x8e, 0x90, 0x2e, 0xb2, 0xa8, 0x04, 0x2f, 0x44, 0x9d, 0x88, 0x54, 0x90,
  0x40, 0xc3, 0x1e, 0x54, 0x93, 0x1f, 0x3a, 0x21, 0xa8, 0xf5, 0x5a, 0xab,
  0xd5, 0xac, 0x3a, 0xb9, 0x63, 0xb7, 0xad, 0xd2, 0x1f, 0xfd, 0x20, 0x27,
  0xa6, 0xc2, 0x0d, 0xb6, 0x7f, 0x1c, 0x07, 0x25, 0x9a, 0x14, 0x7f, 0xf5,
  0xbf, 0xa8, 0x61, 0xd2, 0x0f, 0x40, 0x41, 0xb7, 0x71, 0xff, 0x1d, 0x8d,
  0x21, 0x29, 0x39, 0x01, 0x81, 0xd3, 0xf5, 0x57, 0xfe, 0xff, 0x95, 0x14,
  0xa4, 0xff, 0xf2, 0x10, 0x55, 0x0d, 0x70, 0x1d, 0x56, 0x2d, 0xa3, 0x2b,
  0x77, 0x63, 0xfe, 0x39, 0x9e, 0xf8, 0xff, 0xff, 0x04, 0x00, 0x00, 0x00,
  0x80, 0x00, 0x00, 0x00, 0xe0, 0xf6, 0xff, 0xff, 0x93, 0x13, 0x00, 0x00,
  0x88, 0x06, 0x00, 0x00, 0x6a, 0x16, 0x00, 0x00, 0x65, 0xf5, 0xff, 0xff,
  0x92, 0xf8, 0xff, 0xff, 0x0b, 0xf8, 0xff, 0xff, 0xe3, 0xf6, 0xff, 0xff,
  0x66, 0x04, 0x00, 0x00, 0xdb, 0xef, 0xff, 0xff, 0x01, 0x06, 0x00, 0x00,
  0xb6, 0x08, 0x00, 0x00, 0x99, 0xfe, 0xff, 0xff, 0xc6, 0x08, 0x00, 0x00,
  0x54, 0x0c, 0x00, 0x00, 0x8b, 0xef, 0xff, 0xff, 0x6e, 0x00, 0x00, 0x00,
  0xe6, 0xf8, 0xff, 0xff, 0xff, 0xf9, 0xff, 0xff, 0xe3, 0xe7, 0xff, 0xff,
  0x5d, 0xf6, 0xff, 0xff, 0x8d, 0x06, 0x00, 0x00, 0xbf, 0x08, 0x00, 0x00,
  0xe6, 0xf7, 0xff, 0xff, 0x6b, 0x00, 0x00, 0x00, 0x79, 0xf9, 0xff, 0xff,
  0x85, 0x02, 0x00, 0x00, 0xbe, 0xf2, 0xff, 0xff, 0x29, 0x00, 0x00, 0x00,
  0xcf, 0x14, 0x00, 0x00, 0x0a, 0x08, 0x00, 0x00, 0x15, 0xf6, 0xff, 0xff,
  0x2a, 0xf9, 0xff, 0xff, 0x04, 0x00, 0x00, 0x00, 0x20, 0x01, 0x00, 0x00,
  0xf5, 0xef, 0x53, 0x7f, 0xfe, 0x3c, 0x6a, 0xdc, 0x16, 0x6b, 0xec, 0x7f,
  0x94, 0x7f, 0x01, 0x7f, 0xd3, 0x54, 0x95, 0x15, 0xf3, 0xeb, 0x7f, 0x09,
  0x7c, 0xb1, 0x8e, 0x7f, 0x9f, 0x07, 0x34, 0x26, 0xb5, 0x4e, 0xe5, 0x88,
  0xef, 0x7f, 0x7f, 0x19, 0xf0, 0x7f, 0xc0, 0x00, 0xab, 0x71, 0xe9, 0x2a,
  0x87, 0x18, 0xc8, 0x81, 0x19, 0x1d, 0x8c, 0xcd, 0xfe, 0xe5, 0xf2, 0x1e,
  0xb8, 0x0c, 0xe8, 0x29, 0xa0, 0x7f, 0x7f, 0x6b, 0xfb, 0xbf, 0xdc, 0x2d,
  0x81, 0xe9, 0xb9, 0x52, 0x22, 0x25, 0x9f, 0x4f, 0x9e, 0x21, 0xa8, 0x91,
  0x17, 0x82, 0xf2, 0xf0, 0xbb, 0x44, 0xf7, 0x2b, 0xcb, 0x0c, 0x28, 0x1a,
  0xfe, 0x32, 0x49, 0x18, 0xd8, 0x5d, 0x25, 0x8f, 0xb9, 0x3f, 0x0b, 0xd6,
  0xff, 0x0b, 0x9c, 0xcd, 0xbb, 0x35, 0xc7, 0x00, 0x81, 0x87, 0x6e, 0x1e,
  0x77, 0x81, 0x81, 0x15, 0xb2, 0x22, 0x48, 0x39, 0x0b, 0x17, 0x41, 0xd9,
  0x05, 0x56, 0x26, 0x13, 0xcc, 0xf5, 0xbc, 0x03, 0x29, 0xfb, 0x81, 0xf0,
  0x81, 0x81, 0x81, 0x1e, 0x97, 0x92, 0xaf, 0xc3, 0x81, 0xe3, 0xc6, 0xfc,
  0x8f, 0x07, 0x2e, 0x58, 0xa2, 0x5a, 0x33, 0x4f, 0x04, 0x2c, 0x3d, 0xdc,
  0x0c, 0x57, 0xa5, 0xe8, 0x81, 0x46, 0xe7, 0x42, 0x9e, 0x10, 0x18, 0xe1,
  0x26, 0xaa, 0x0a, 0x81, 0xd7, 0xba, 0xfe, 0xef, 0x37, 0x81, 0x2f, 0xc6,
  0xa3, 0x1f, 0x4b, 0x62, 0x81, 0x5e, 0x7a, 0x1d, 0xcb, 0x72, 0xd4, 0x0d,
  0x0c, 0x46, 0xd8, 0x43, 0xe0, 0x24, 0xb1, 0xfc, 0xf5, 0x81, 0x6c, 0x29,
  0x47, 0x04, 0x89, 0x6e, 0x1a, 0x2f, 0x55, 0xe2, 0x81, 0x38, 0x3a, 0x9c,
  0xfb, 0xf2, 0x7f, 0x2c, 0x81, 0x6f, 0x81, 0x32, 0xb4, 0x7a, 0x9d, 0xf7,
  0xa1, 0x94, 0xd8, 0xa6, 0x1a, 0xd8, 0xc8, 0x20, 0xbc, 0x43, 0xdc, 0x2d,
  0x99, 0xb0, 0x5b, 0x7f, 0x97, 0x7c, 0x3b, 0x17, 0x06, 0xee, 0xff, 0x81,
  0xc6, 0x45, 0x91, 0xbe, 0x1a, 0x6e, 0xa4, 0x3c, 0x87, 0x27, 0xd6, 0xd3,
  0x0f, 0xf3, 0x1b, 0xe2, 0x20, 0x28, 0x2d, 0xff, 0x81, 0xa6, 0x7f, 0x5e,
  0x56, 0xfa, 0xff, 0xff, 0x04, 0x00, 0x00, 0x00, 0x80, 0x00, 0x00, 0x00,
  0x74, 0x19, 0x00, 0x00, 0xb9, 0xee, 0xff, 0xff, 0xea, 0xee, 0xff, 0xff,
  0xa2, 0xf8, 0xff, 0xff, 0xc4, 0x03, 0x00, 0x00, 0xe4, 0xf2, 0xff, 0xff,
  0x80, 0xee, 0xff, 0xff, 0x59, 0x02, 0x00, 0x00, 0x10, 0x12, 0x00, 0x00,
  0xba, 0xef, 0xff, 0xff, 0xaa, 0x11, 0x00, 0x00, 0xc4, 0xfc, 0xff, 0xff,
  0x6a, 0x05, 0x00, 0x00, 0xc2, 0xed, 0xff, 0xff, 0xa3, 0x15, 0x00, 0x00,
  0x64, 0xf6, 0xff, 0xff, 0x87, 0x1d, 0x00, 0x00, 0x6f, 0xfe, 0xff, 0xff,
  0xd1, 0x18, 0x00, 0x00, 0xd4, 0x0e, 0x00, 0x00, 0x5c, 0x02, 0x00, 0x00,
  0x36, 0x16, 0x00, 0x00, 0x83, 0xfe, 0xff, 0xff, 0x26, 0x02, 0x00, 0x00,
  0x65, 0x00, 0x00, 0x00, 0xd7, 0x01, 0x00, 0x00, 0x5c, 0x0b, 0x00, 0x00,
  0xa2, 0xf3, 0xff, 0xff, 0xd3, 0x18, 0x00, 0x00, 0xa7, 0x02, 0x00, 0x00,
  0x4a, 0xee, 0xff, 0xff, 0x27, 0xf2, 0xff, 0xff, 0xe2, 0xfa, 0xff, 0xff,
  0x04, 0x00, 0x00, 0x00, 0x00, 0x04, 0x00, 0x00, 0x64, 0x1b, 0xe9, 0xcd,
  0x24, 0x0a, 0x97, 0xf6, 0x82, 0xff, 0x00, 0x2e, 0x51, 0x75, 0xf8, 0x02,
  0xbc, 0xb6, 0x47, 0x9f, 0x89, 0x81, 0x6e, 0x2f, 0x3c, 0xb1, 0xd0, 0x44,
  0xdd, 0xd6, 0xd4, 0x06, 0xa9, 0xda, 0xfc, 0x01, 0xe6, 0x1b, 0x28, 0x3b,
  0xcd, 0x0f, 0x2b, 0xe2, 0x2e, 0xb2, 0x14, 0x60, 0xa1, 0xa8, 0x81, 0xdb,
  0x44, 0xbb, 0x0d, 0x25, 0x15, 0x2b, 0xf5, 0x54, 0xc5, 0x1a, 0x46, 0x55,
  0x9e, 0xd6, 0x01, 0x02, 0xb0, 0x36, 0xae, 0xe9, 0x25, 0x78, 0x17, 0xcf,
  0xdd, 0xde, 0x39, 0x73, 0x22, 0xe4, 0xd7, 0xf6, 0x03, 0xbe, 0xe4, 0x34,
  0xcb, 0x30, 0xc6, 0xd5, 0xe1, 0xe7, 0x67, 0x7f, 0x73, 0x56, 0xf1, 0xbf,
  0xc5, 0xe3, 0x12, 0x0c, 0x34, 0x30, 0xa1, 0x28, 0xfd, 0x7a, 0x68, 0xbd,
  0x81, 0xc2, 0x73, 0x44, 0xe4, 0xea, 0x64, 0xf9, 0x47, 0x42, 0x52, 0x02,
  0xf4, 0x3c, 0xef, 0x26, 0xfa, 0xf7, 0x7f, 0xd6, 0x58, 0x15, 0x02, 0xe5,
  0xd1, 0x29, 0x2e, 0xf8, 0xc8, 0xa1, 0xbe, 0x59, 0x14, 0xbf, 0xc0, 0x28,
  0x20, 0xec, 0xe3, 0x07, 0x3d, 0x0e, 0xa9, 0xf2, 0xcd, 0x0b, 0x05, 0xf7,
  0x3f, 0x30, 0xfc, 0x4b, 0x43, 0x26, 0xce, 0x29, 0xcd, 0xef, 0xad, 0xca,
  0xec, 0x7f, 0xae, 0xd1, 0x44, 0x74, 0xfa, 0x8e, 0xf9, 0x2c, 0xdb, 0xc2,
  0xd9, 0xec, 0x43, 0x00, 0xee, 0x49, 0x42, 0xa7, 0x08, 0xc6, 0x7f, 0x10,
  0x18, 0xe6, 0x5f, 0x04, 0x1b, 0x79, 0x06, 0xcc, 0x1b, 0xc8, 0xb8, 0xfb,
  0xcb, 0xdd, 0xa3, 0x1f, 0xee, 0xdd, 0xf1, 0x39, 0x21, 0x48, 0xf8, 0xf1,
  0xe9, 0x3c, 0x06, 0xdf, 0xb6, 0xc0, 0xfd, 0x3b, 0xee, 0x53, 0xc7, 0x0e,
  0x02, 0xd1, 0x35, 0xf9, 0x30, 0xf5, 0x3d, 0xeb, 0xf3, 0x4f, 0xf5, 0xf2,
  0xcc, 0xea, 0xa9, 0xd5, 0xcf, 0xb9, 0x2c, 0x7f, 0x5c, 0x3a, 0xf7, 0x71,
  0x28, 0xaf, 0x7f, 0xd7, 0x4a, 0xeb, 0x5c, 0xfe, 0x88, 0x48, 0x79, 0xf7,
  0x27, 0x8f, 0x91, 0xe7, 0xb9, 0x93, 0xba, 0x44, 0x47, 0xfa, 0x32, 0xd2,
  0x78, 0x37, 0xe0, 0xe5, 0x9a, 0xc3, 0xb8, 0x22, 0xcd, 0xd7, 0x3b, 0x71,
  0x09, 0x71, 0xba, 0xfd, 0xf2, 0xfa, 0xa5, 0xf0, 0x1a, 0x09, 0x1b, 0xfc,
  0xff, 0xd3, 0x1f, 0x2b, 0xc8, 0x7f, 0xe8, 0xc9, 0x08, 0xcd, 0x10, 0xd2,
  0x48, 0xda, 0x15, 0x4c, 0x11, 0x7f, 0x3d, 0xd2, 0x44, 0x2f, 0x10, 0xcf,
  0xd3, 0x99, 0xbc, 0xf3, 0x52, 0x67, 0x65, 0xea, 0x28, 0x9b, 0x77, 0x31,
  0xde, 0xee, 0x2d, 0x11, 0xea, 0xe0, 0xc4, 0x43, 0xab, 0x44, 0xf1, 0xbd,
  0xfb, 0x0b, 0x4b, 0xdf, 0x4b, 0x61, 0x7f, 0x4d, 0xde, 0xd9, 0x42, 0xd2,
  0xdf, 0xc8, 0x08, 0xe8, 0xe7, 0xf2, 0xef, 0x43, 0x42, 0x23, 0xde, 0x2b,
  0xfa, 0xbf, 0xd1, 0xa2, 0xe0, 0xed, 0x58, 0xd7, 0xbb, 0xa6, 0xf3, 0xb3,
  0xf8, 0x26, 0xbc, 0xd2, 0xc4, 0x74, 0xc6, 0xda, 0x32, 0xf3, 0xfb, 0x0b,
  0x8c, 0x20, 0xea, 0xb9, 0xb5, 0x81, 0xfd, 0x36, 0x26, 0x50, 0x89, 0xc0,
  0xfa, 0x33, 0x01, 0xcf, 0x19, 0x13, 0x3f, 0xe2, 0x05, 0xe2, 0xe1, 0xd8,
  0x17, 0x5d, 0xef, 0xde, 0xdf, 0xf8, 0xfc, 0x7f, 0x1c, 0xc3, 0xa3, 0x1e,
  0x2b, 0x22, 0xf3, 0x6b, 0x1b, 0x03, 0x23, 0x1e, 0x08, 0x2b, 0x30, 0xc6,
  0xa3, 0x14, 0x0f, 0x23, 0xc4, 0x04, 0x37, 0x58, 0x10, 0x5e, 0x23, 0xdb,
  0x1a, 0xec, 0xf0, 0x7f, 0xaa, 0x49, 0xc2, 0xf1, 0xcb, 0xcd, 0xfc, 0xd6,
  0xbb, 0xdb, 0x99, 0x99, 0x00, 0x49, 0xf5, 0x19, 0xe4, 0xd4, 0xc7, 0x68,
  0xca, 0x67, 0xeb, 0xd9, 0xce, 0x28, 0xa7, 0xee, 0x3e, 0xce, 0x2b, 0xc6,
  0x71, 0x52, 0x0a, 0x81, 0x48, 0x25, 0xcd, 0x02, 0x14, 0xb3, 0xdc, 0x3d,
  0x6b, 0xd4, 0x38, 0xf2, 0x6d, 0x01, 0xbe, 0xe3, 0xdd, 0xed, 0xc0, 0x00,
  0x92, 0x32, 0xd4, 0x13, 0xdf, 0x5e, 0xd9, 0xd9, 0xe2, 0xdf, 0x7f, 0xca,
  0xbb, 0xcc, 0x2f, 0xba, 0x13, 0xf7, 0x15, 0x07, 0xd2, 0xfa, 0x2d, 0xe6,
  0xfe, 0x1e, 0xcc, 0x39, 0x30, 0x2b, 0xfb, 0xcd, 0x18, 0x38, 0x17, 0xea,
  0xd0, 0xcf, 0x21, 0xc5, 0x5a, 0x12, 0xee, 0x81, 0x3c, 0x3c, 0xf3, 0x04,
  0xf4, 0xde, 0x3c, 0x23, 0xf4, 0x34, 0xfb, 0x59, 0x35, 0x1f, 0x9a, 0x1e,
  0x59, 0x43, 0x2d, 0x53, 0x30, 0xb6, 0xb1, 0x04, 0xf0, 0xf8, 0x8f, 0xfa,
  0xe1, 0x07, 0xce, 0x8d, 0xd4, 0x6f, 0xd1, 0xc0, 0xab, 0xff, 0xcb, 0x7f,
  0x06, 0x16, 0x7e, 0x0a, 0x5e, 0x40, 0xf8, 0x3b, 0xbc, 0xe3, 0x35, 0x20,
  0xa1, 0xa1, 0x26, 0x50, 0xbc, 0x39, 0xd7, 0xb9, 0x92, 0xc4, 0x7f, 0x2a,
  0xf5, 0xcd, 0x18, 0x20, 0x16, 0xc3, 0xc7, 0xf1, 0x9d, 0x19, 0xb0, 0x2e,
  0xe6, 0xc9, 0xac, 0xdb, 0xff, 0x42, 0x17, 0x23, 0x28, 0xf8, 0xb6, 0xfd,
  0xe5, 0xef, 0xf3, 0x06, 0xb0, 0x79, 0x0f, 0x98, 0xfe, 0xff, 0xea, 0x26,
  0xf8, 0xae, 0x1f, 0x7f, 0x2f, 0x18, 0x15, 0xdd, 0xfc, 0x76, 0x08, 0x1e,
  0xd6, 0xf0, 0xf0, 0x40, 0xf1, 0xdc, 0xb3, 0xf3, 0x1c, 0x4d, 0x65, 0xc6,
  0xf2, 0xe8, 0x68, 0x51, 0xe6, 0xc3, 0x24, 0x45, 0x61, 0x41, 0xe5, 0xfc,
  0x81, 0x01, 0xc5, 0x07, 0x64, 0x2c, 0x0b, 0xca, 0x4c, 0x32, 0xf5, 0x27,
  0xb8, 0xf4, 0xaf, 0x49, 0x4f, 0x06, 0x1f, 0xa5, 0x13, 0xbf, 0xe6, 0xdf,
  0xd8, 0xc6, 0x33, 0xce, 0x59, 0x1c, 0x0c, 0xd5, 0x81, 0x4b, 0xca, 0x14,
  0x97, 0xa1, 0x55, 0xe2, 0x00, 0x3f, 0xe7, 0x4a, 0xcc, 0x7f, 0xf6, 0xdd,
  0xdd, 0xab, 0x6e, 0x0f, 0xb0, 0xcf, 0xca, 0x5c, 0xb2, 0xaf, 0xa2, 0x74,
  0x5f, 0xb8, 0xb9, 0x0e, 0xd0, 0x1b, 0x1c, 0xc4, 0x0e, 0x19, 0xb9, 0x9a,
  0xa8, 0x28, 0x93, 0x05, 0xc8, 0x3f, 0x05, 0x3c, 0x39, 0x19, 0x7f, 0x88,
  0xf7, 0xbd, 0x0b, 0x27, 0x3b, 0xa6, 0x5e, 0xb8, 0x55, 0xe3, 0x2a, 0xba,
  0xa5, 0xb4, 0xe2, 0x9f, 0xf7, 0x7f, 0x0c, 0x3f, 0x33, 0x13, 0x25, 0x4f,
  0x85, 0xb9, 0x39, 0x41, 0xbe, 0x3f, 0x60, 0x97, 0x96, 0x4d, 0x7a, 0x78,
  0x07, 0xa8, 0x35, 0xd3, 0xd5, 0x4b, 0xcd, 0xa6, 0xa5, 0x4a, 0xb8, 0x11,
  0xdc, 0x09, 0x5c, 0xd4, 0xff, 0x44, 0x79, 0x4f, 0x21, 0xef, 0x3c, 0xe6,
  0xe3, 0xc1, 0xff, 0x7f, 0xeb, 0x1b, 0x10, 0x2b, 0xbc, 0xde, 0xdf, 0xc2,
  0xf6, 0x04, 0x2a, 0x8c, 0xd8, 0x5d, 0x3f, 0xeb, 0xc0, 0xcb, 0x44, 0xfa,
  0x25, 0x17, 0xba, 0x47, 0xd0, 0xf5, 0x0c, 0xdb, 0xb8, 0x00, 0xe7, 0x79,
  0x05, 0xb6, 0x16, 0xb2, 0x34, 0x7f, 0x1d, 0x96, 0xec, 0x2e, 0x52, 0x16,
  0xc2, 0xda, 0xf3, 0x36, 0x38, 0x7f, 0xc9, 0x2f, 0xf9, 0xb8, 0x28, 0xbd,
  0xe5, 0xd7, 0x96, 0xdd, 0xf9, 0x7a, 0x77, 0xe8, 0x9d, 0x43, 0xe5, 0xdf,
  0x1d, 0x03, 0x5d, 0xde, 0xf0, 0xfc, 0x07, 0x01, 0xf2, 0x2c, 0x36, 0xa9,
  0xef, 0x20, 0x4c, 0x28, 0x5e, 0xbf, 0x3d, 0xe8, 0xb0, 0xdd, 0x21, 0x14,
  0xc4, 0x04, 0x4b, 0xdc, 0xa2, 0xce, 0xea, 0xca, 0x17, 0x81, 0x34, 0x1e,
  0x15, 0x11, 0xb1, 0xf1, 0xeb, 0x43, 0xed, 0xb4, 0xea, 0xd0, 0xd5, 0x37,
  0xcc, 0x64, 0xcc, 0xe8, 0x2e, 0xf3, 0x26, 0x06, 0xe5, 0x21, 0x47, 0xec,
  0x2d, 0x13, 0xde, 0x81, 0x2e, 0x11, 0xdf, 0x11, 0xb0, 0xd3, 0xe3, 0x5b,
  0x3c, 0xce, 0x20, 0x25, 0xd1, 0x1d, 0x22, 0x6c, 0xc3, 0xfe, 0x0f, 0xe6,
  0x75, 0x81, 0xa1, 0xe1, 0xb5, 0xa4, 0xd2, 0xd1, 0xe5, 0xef, 0xf5, 0x81,
  0xf7, 0xf2, 0x5a, 0xc2, 0xff, 0x37, 0xee, 0x2f, 0xe6, 0xae, 0x42, 0x5b,
  0xee, 0xfe, 0xff, 0xff, 0x04, 0x00, 0x00, 0x00, 0x80, 0x00, 0x00, 0x00,
  0x20, 0x11, 0x00, 0x00, 0x17, 0x11, 0x00, 0x00, 0x89, 0x06, 0x00, 0x00,
  0x26, 0xe4, 0xff, 0xff, 0x89, 0x0f, 0x00, 0x00, 0xf5, 0xfd, 0xff, 0xff,
  0xc9, 0x07, 0x00, 0x00, 0xab, 0xf9, 0xff, 0xff, 0x7d, 0x19, 0x00, 0x00,
  0xc1, 0xf0, 0xff, 0xff, 0x5a, 0xf5, 0xff, 0xff, 0x7a, 0xfa, 0xff, 0xff,
  0x94, 0x30, 0x00, 0x00, 0x3f, 0xf4, 0xff, 0xff, 0x89, 0x0f, 0x00, 0x00,
  0xf4, 0xff, 0xff, 0xff, 0x98, 0x10, 0x00, 0x00, 0xf7, 0xf5, 0xff, 0xff,
  0xf9, 0x00, 0x00, 0x00, 0xd9, 0x0e, 0x00, 0x00, 0xa8, 0x04, 0x00, 0x00,
  0xee, 0xfd, 0xff, 0xff, 0xc3, 0x0d, 0x00, 0x00, 0x86, 0x1a, 0x00, 0x00,
  0x78, 0x1a, 0x00, 0x00, 0x53, 0x03, 0x00, 0x00, 0x23, 0xf9, 0xff, 0xff,
  0x9d, 0xfb, 0xff, 0xff, 0x45, 0x01, 0x00, 0x00, 0x83, 0x1a, 0x00, 0x00,
  0x19, 0xfa, 0xff, 0xff, 0x5f, 0x11, 0x00, 0x00, 0x7a, 0xff, 0xff, 0xff,
  0x04, 0x00, 0x00, 0x00, 0x60, 0x00, 0x00, 0x00, 0x63, 0xca, 0x98, 0x7f,
  0xd1, 0x40, 0x91, 0xe3, 0x36, 0xb6, 0x5b, 0xb1, 0x45, 0xd0, 0xcf, 0x12,
  0x27, 0xf3, 0xde, 0x62, 0xa2, 0x68, 0x3e, 0x24, 0x60, 0x52, 0xd6, 0xb2,
  0x60, 0x66, 0xa6, 0x12, 0x99, 0x56, 0x02, 0xd4, 0x0f, 0xc7, 0x15, 0xab,
  0x70, 0xd9, 0xf6, 0x7f, 0x6d, 0x37, 0x4b, 0x1e, 0xb3, 0xd1, 0xcb, 0xd5,
  0x99, 0xe7, 0xc1, 0x70, 0xee, 0x07, 0x56, 0xef, 0x9e, 0x67, 0xae, 0xe8,
  0xe3, 0x3f, 0x07, 0xc2, 0xaf, 0x4f, 0x8c, 0x65, 0xa5, 0x73, 0x83, 0xd3,
  0x92, 0xc0, 0xe2, 0x7f, 0xe3, 0x75, 0x4e, 0xf2, 0x76, 0x0a, 0xaa, 0xd5,
  0x11, 0xc4, 0xcb, 0x06, 0xe3, 0x91, 0x63, 0x70, 0xe6, 0xff, 0xff, 0xff,
  0x04, 0x00, 0x00, 0x00, 0x0c, 0x00, 0x00, 0x00, 0x41, 0x01, 0x00, 0x00,
  0x58, 0xfe, 0xff, 0xff, 0x24, 0x00, 0x00, 0x00, 0x00, 0x00, 0x06, 0x00,
  0x08, 0x00, 0x04, 0x00, 0x06, 0x00, 0x00, 0x00, 0x04, 0x00, 0x00, 0x00,
  0x08, 0x00, 0x00, 0x00, 0x01, 0x00, 0x00, 0x00, 0x02, 0x00, 0x00, 0x00,
  0x64, 0xc3, 0xff, 0xff, 0x68, 0xc3, 0xff, 0xff, 0x0f, 0x00, 0x00, 0x00,
  0x4d, 0x4c, 0x49, 0x52, 0x20, 0x43, 0x6f, 0x6e, 0x76, 0x65, 0x72, 0x74,
  0x65, 0x64, 0x2e, 0x00, 0x01, 0x00, 0x00, 0x00, 0x14, 0x00, 0x00, 0x00,
  0x00, 0x00, 0x0e, 0x00, 0x18, 0x00, 0x14, 0x00, 0x10, 0x00, 0x0c, 0x00,
  0x08, 0x00, 0x04, 0x00, 0x0e, 0x00, 0x00, 0x00, 0x14, 0x00, 0x00, 0x00,
  0x1c, 0x00, 0x00, 0x00, 0x34, 0x03, 0x00, 0x00, 0x38, 0x03, 0x00, 0x00,
  0x3c, 0x03, 0x00, 0x00, 0x04, 0x00, 0x00, 0x00, 0x6d, 0x61, 0x69, 0x6e,
  0x00, 0x00, 0x00, 0x00, 0x0b, 0x00, 0x00, 0x00, 0xd0, 0x02, 0x00, 0x00,
  0x68, 0x02, 0x00, 0x00, 0x18, 0x02, 0x00, 0x00, 0xd0, 0x01, 0x00, 0x00,
  0x80, 0x01, 0x00, 0x00, 0x38, 0x01, 0x00, 0x00, 0xf8, 0x00, 0x00, 0x00,
  0xb0, 0x00, 0x00, 0x00, 0x70, 0x00, 0x00, 0x00, 0x3c, 0x00, 0x00, 0x00,
  0x04, 0x00, 0x00, 0x00, 0x5e, 0xfe, 0xff, 0xff, 0x14, 0x00, 0x00, 0x00,
  0x00, 0x00, 0x00, 0x08, 0x10, 0x00, 0x00, 0x00, 0x14, 0x00, 0x00, 0x00,
  0x03, 0x00, 0x00, 0x00, 0x04, 0xc4, 0xff, 0xff, 0x01, 0x00, 0x00, 0x00,
  0x20, 0x00, 0x00, 0x00, 0x03, 0x00, 0x00, 0x00, 0x1f, 0x00, 0x00, 0x00,
  0x03, 0x00, 0x00, 0x00, 0x02, 0x00, 0x00, 0x00, 0x92, 0xfe, 0xff, 0xff,
  0x14, 0x00, 0x00, 0x00, 0x00, 0x00, 0x00, 0x1b, 0x10, 0x00, 0x00, 0x00,
  0x14, 0x00, 0x00, 0x00, 0x02, 0x00, 0x00, 0x00, 0x38, 0xc4, 0xff, 0xff,
  0x01, 0x00, 0x00, 0x00, 0x1f, 0x00, 0x00, 0x00, 0x02, 0x00, 0x00, 0x00,
  0x1e, 0x00, 0x00, 0x00, 0x01, 0x00, 0x00, 0x00, 0xce, 0xfd, 0xff, 0xff,
  0x10, 0x00, 0x00, 0x00, 0x00, 0x00, 0x00, 0x01, 0x18, 0x00, 0x00, 0x00,
  0x1c, 0x00, 0x00, 0x00, 0xc0, 0xfd, 0xff, 0xff, 0x00, 0x00, 0x00, 0x01,
  0x01, 0x00, 0x00, 0x00, 0x01, 0x00, 0x00, 0x00, 0x01, 0x00, 0x00, 0x00,
  0x1e, 0x00, 0x00, 0x00, 0x03, 0x00, 0x00, 0x00, 0x1d, 0x00, 0x00, 0x00,
  0x05, 0x00, 0x00, 0x00, 0x04, 0x00, 0x00, 0x00, 0xfe, 0xfe, 0xff, 0xff,
  0x14, 0x00, 0x00, 0x00, 0x00, 0x00, 0x00, 0x02, 0x20, 0x00, 0x00, 0x00,
  0x24, 0x00, 0x00, 0x00, 0x01, 0x00, 0x00, 0x00, 0x5e, 0xfe, 0xff, 0xff,
  0x00, 0x00, 0x00, 0x01, 0x01, 0x00, 0x00, 0x00, 0x01, 0x00, 0x00, 0x00,
  0x01, 0x00, 0x00, 0x00, 0x01, 0x00, 0x00, 0x00, 0x1d, 0x00, 0x00, 0x00,
  0x03, 0x00, 0x00, 0x00, 0x1c, 0x00, 0x00, 0x00, 0x07, 0x00, 0x00, 0x00,
  0x06, 0x00, 0x00, 0x00, 0x4e, 0xfe, 0xff, 0xff, 0x10, 0x00, 0x00, 0x00,
  0x00, 0x00, 0x00, 0x01, 0x18, 0x00, 0x00, 0x00, 0x1c, 0x00, 0x00, 0x00,
  0x40, 0xfe, 0xff, 0xff, 0x00, 0x00, 0x00, 0x01, 0x01, 0x00, 0x00, 0x00,
  0x01, 0x00, 0x00, 0x00, 0x01, 0x00, 0x00, 0x00, 0x1c, 0x00, 0x00, 0x00,
  0x03, 0x00, 0x00, 0x00, 0x1b, 0x00, 0x00, 0x00, 0x09, 0x00, 0x00, 0x00,
  0x08, 0x00, 0x00, 0x00, 0x7e, 0xff, 0xff, 0xff, 0x14, 0x00, 0x00, 0x00,
  0x00, 0x00, 0x00, 0x02, 0x20, 0x00, 0x00, 0x00, 0x24, 0x00, 0x00, 0x00,
  0x01, 0x00, 0x00, 0x00, 0xde, 0xfe, 0xff, 0xff, 0x00, 0x00, 0x00, 0x01,
  0x01, 0x00, 0x00, 0x00, 0x01, 0x00, 0x00, 0x00, 0x01, 0x00, 0x00, 0x00,
  0x01, 0x00, 0x00, 0x00, 0x1b, 0x00, 0x00, 0x00, 0x03, 0x00, 0x00, 0x00,
  0x1a, 0x00, 0x00, 0x00, 0x0b, 0x00, 0x00, 0x00, 0x0a, 0x00, 0x00, 0x00,
  0xce, 0xfe, 0xff, 0xff, 0x10, 0x00, 0x00, 0x00, 0x00, 0x00, 0x00, 0x01,
  0x18, 0x00, 0x00, 0x00, 0x1c, 0x00, 0x00, 0x00, 0xc0, 0xfe, 0xff, 0xff,
  0x00, 0x00, 0x00, 0x01, 0x01, 0x00, 0x00, 0x00, 0x01, 0x00, 0x00, 0x00,
  0x01, 0x00, 0x00, 0x00, 0x1a, 0x00, 0x00, 0x00, 0x03, 0x00, 0x00, 0x00,
  0x19, 0x00, 0x00, 0x00, 0x0d, 0x00, 0x00, 0x00, 0x0c, 0x00, 0x00, 0x00,
  0x00, 0x00, 0x0e, 0x00, 0x18, 0x00, 0x14, 0x00, 0x10, 0x00, 0x0c, 0x00,
  0x0b, 0x00, 0x04, 0x00, 0x0e, 0x00, 0x00, 0x00, 0x14, 0x00, 0x00, 0x00,
  0x00, 0x00, 0x00, 0x02, 0x20, 0x00, 0x00, 0x00, 0x24, 0x00, 0x00, 0x00,
  0x01, 0x00, 0x00, 0x00, 0x6e, 0xff, 0xff, 0xff, 0x00, 0x00, 0x00, 0x01,
  0x01, 0x00, 0x00, 0x00, 0x02, 0x00, 0x00, 0x00, 0x02, 0x00, 0x00, 0x00,
  0x01, 0x00, 0x00, 0x00, 0x19, 0x00, 0x00, 0x00, 0x03, 0x00, 0x00, 0x00,
  0x18, 0x00, 0x00, 0x00, 0x0f, 0x00, 0x00, 0x00, 0x0e, 0x00, 0x00, 0x00,
  0x5e, 0xff, 0xff, 0xff, 0x10, 0x00, 0x00, 0x00, 0x00, 0x00, 0x00, 0x01,
  0x18, 0x00, 0x00, 0x00, 0x1c, 0x00, 0x00, 0x00, 0x50, 0xff, 0xff, 0xff,
  0x00, 0x00, 0x00, 0x01, 0x01, 0x00, 0x00, 0x00, 0x01, 0x00, 0x00, 0x00,
  0x01, 0x00, 0x00, 0x00, 0x18, 0x00, 0x00, 0x00, 0x03, 0x00, 0x00, 0x00,
  0x17, 0x00, 0x00, 0x00, 0x11, 0x00, 0x00, 0x00, 0x10, 0x00, 0x00, 0x00,
  0x00, 0x00, 0x0e, 0x00, 0x1a, 0x00, 0x14, 0x00, 0x10, 0x00, 0x0c, 0x00,
  0x0b, 0x00, 0x04, 0x00, 0x0e, 0x00, 0x00, 0x00, 0x24, 0x00, 0x00, 0x00,
  0x00, 0x00, 0x00, 0x02, 0x30, 0x00, 0x00, 0x00, 0x34, 0x00, 0x00, 0x00,
  0x01, 0x00, 0x00, 0x00, 0x00, 0x00, 0x0e, 0x00, 0x14, 0x00, 0x00, 0x00,
  0x10, 0x00, 0x0c, 0x00, 0x08, 0x00, 0x07, 0x00, 0x0e, 0x00, 0x00, 0x00,
  0x00, 0x00, 0x00, 0x01, 0x01, 0x00, 0x00, 0x00, 0x01, 0x00, 0x00, 0x00,
  0x01, 0x00, 0x00, 0x00, 0x01, 0x00, 0x00, 0x00, 0x17, 0x00, 0x00, 0x00,
  0x03, 0x00, 0x00, 0x00, 0x16, 0x00, 0x00, 0x00, 0x13, 0x00, 0x00, 0x00,
  0x12, 0x00, 0x00, 0x00, 0x00, 0x00, 0x0e, 0x00, 0x14, 0x00, 0x00, 0x00,
  0x10, 0x00, 0x0c, 0x00, 0x0b, 0x00, 0x04, 0x00, 0x0e, 0x00, 0x00, 0x00,
  0x1c, 0x00, 0x00, 0x00, 0x00, 0x00, 0x00, 0x01, 0x24, 0x00, 0x00, 0x00,
  0x28, 0x00, 0x00, 0x00, 0x0c, 0x00, 0x10, 0x00, 0x00, 0x00, 0x0c, 0x00,
  0x08, 0x00, 0x07, 0x00, 0x0c, 0x00, 0x00, 0x00, 0x00, 0x00, 0x00, 0x01,
  0x02, 0x00, 0x00, 0x00, 0x02, 0x00, 0x00, 0x00, 0x01, 0x00, 0x00, 0x00,
  0x16, 0x00, 0x00, 0x00, 0x03, 0x00, 0x00, 0x00, 0x00, 0x00, 0x00, 0x00,
  0x15, 0x00, 0x00, 0x00, 0x14, 0x00, 0x00, 0x00, 0x01, 0x00, 0x00, 0x00,
  0x20, 0x00, 0x00, 0x00, 0x01, 0x00, 0x00, 0x00, 0x00, 0x00, 0x00, 0x00,
  0x21, 0x00, 0x00, 0x00, 0x80, 0x39, 0x00, 0x00, 0xf4, 0x38, 0x00, 0x00,
  0x54, 0x38, 0x00, 0x00, 0xd0, 0x37, 0x00, 0x00, 0x64, 0x35, 0x00, 0x00,
  0x70, 0x33, 0x00, 0x00, 0x94, 0x30, 0x00, 0x00, 0x18, 0x2e, 0x00, 0x00,
  0x94, 0x2b, 0x00, 0x00, 0xa0, 0x29, 0x00, 0x00, 0xc4, 0x26, 0x00, 0x00,
  0x5c, 0x24, 0x00, 0x00, 0xf4, 0x21, 0x00, 0x00, 0x00, 0x20, 0x00, 0x00,
  0x24, 0x1d, 0x00, 0x00, 0xbc, 0x1a, 0x00, 0x00, 0x54, 0x18, 0x00, 0x00,
  0x60, 0x16, 0x00, 0x00, 0x84, 0x13, 0x00, 0x00, 0x1c, 0x11, 0x00, 0x00,
  0xbc, 0x0e, 0x00, 0x00, 0xc8, 0x0c, 0x00, 0x00, 0xb4, 0x0b, 0x00, 0x00,
  0x28, 0x0a, 0x00, 0x00, 0x0c, 0x09, 0x00, 0x00, 0x80, 0x07, 0x00, 0x00,
  0x64, 0x06, 0x00, 0x00, 0xd8, 0x04, 0x00, 0x00, 0xbc, 0x03, 0x00, 0x00,
  0x30, 0x02, 0x00, 0x00, 0x14, 0x01, 0x00, 0x00, 0x80, 0x00, 0x00, 0x00,
  0x04, 0x00, 0x00, 0x00, 0x1a, 0xc7, 0xff, 0xff, 0x00, 0x00, 0x00, 0x01,
  0x18, 0x00, 0x00, 0x00, 0x20, 0x00, 0x00, 0x00, 0x3c, 0x00, 0x00, 0x00,
  0x21, 0x00, 0x00, 0x00, 0x00, 0x00, 0x00, 0x09, 0x50, 0x00, 0x00, 0x00,
  0x02, 0x00, 0x00, 0x00, 0xff, 0xff, 0xff, 0xff, 0x03, 0x00, 0x00, 0x00,
  0xfc, 0xc6, 0xff, 0xff, 0x08, 0x00, 0x00, 0x00, 0x10, 0x00, 0x00, 0x00,
  0x01, 0x00, 0x00, 0x00, 0xf0, 0xff, 0xff, 0xff, 0xff, 0xff, 0xff, 0xff,
  0x01, 0x00, 0x00, 0x00, 0x76, 0x0c, 0xaa, 0x3d, 0x1b, 0x00, 0x00, 0x00,
  0x53, 0x74, 0x61, 0x74, 0x65, 0x66, 0x75, 0x6c, 0x50, 0x61, 0x72, 0x74,
  0x69, 0x74, 0x69, 0x6f, 0x6e, 0x65, 0x64, 0x43, 0x61, 0x6c, 0x6c, 0x5f,
  0x31, 0x3a, 0x30, 0x00, 0x02, 0x00, 0x00, 0x00, 0x01, 0x00, 0x00, 0x00,
  0x03, 0x00, 0x00, 0x00, 0x92, 0xc7, 0xff, 0xff, 0x00, 0x00, 0x00, 0x01,
  0x18, 0x00, 0x00, 0x00, 0x20, 0x00, 0x00, 0x00, 0x40, 0x00, 0x00, 0x00,
  0x20, 0x00, 0x00, 0x00, 0x00, 0x00, 0x00, 0x09, 0x68, 0x00, 0x00, 0x00,
  0x02, 0x00, 0x00, 0x00, 0xff, 0xff, 0xff, 0xff, 0x20, 0x00, 0x00, 0x00,
  0x74, 0xc7, 0xff, 0xff, 0x08, 0x00, 0x00, 0x00, 0x14, 0x00, 0x00, 0x00,
  0x01, 0x00, 0x00, 0x00, 0x80, 0xff, 0xff, 0xff, 0xff, 0xff, 0xff, 0xff,
  0x00, 0x00, 0x00, 0x00, 0x01, 0x00, 0x00, 0x00, 0x16, 0x88, 0x98, 0x3c,
  0x2c, 0x00, 0x00, 0x00, 0x66, 0x75, 0x6e, 0x63, 0x74, 0x69, 0x6f, 0x6e,
  0x61, 0x6c, 0x5f, 0x31, 0x2f, 0x67, 0x6c, 0x6f, 0x62, 0x61, 0x6c, 0x5f,
  0x61, 0x76, 0x65, 0x72, 0x61, 0x67, 0x65, 0x5f, 0x70, 0x6f, 0x6f, 0x6c,
  0x69, 0x6e, 0x67, 0x32, 0x64, 0x5f, 0x31, 0x2f, 0x4d, 0x65, 0x61, 0x6e,
  0x00, 0x00, 0x00, 0x00, 0x02, 0x00, 0x00, 0x00, 0x01, 0x00, 0x00, 0x00,
  0x20, 0x00, 0x00, 0x00, 0x22, 0xc8, 0xff, 0xff, 0x00, 0x00, 0x00, 0x01,
  0x18, 0x00, 0x00, 0x00, 0x28, 0x00, 0x00, 0x00, 0x44, 0x00, 0x00, 0x00,
  0x1f, 0x00, 0x00, 0x00, 0x00, 0x00, 0x00, 0x09, 0xe8, 0x00, 0x00, 0x00,
  0x04, 0x00, 0x00, 0x00, 0xff, 0xff, 0xff, 0xff, 0x0d, 0x00, 0x00, 0x00,
  0x04, 0x00, 0x00, 0x00, 0x20, 0x00, 0x00, 0x00, 0x0c, 0xc8, 0xff, 0xff,
  0x08, 0x00, 0x00, 0x00, 0x10, 0x00, 0x00, 0x00, 0x01, 0x00, 0x00, 0x00,
  0x80, 0xff, 0xff, 0xff, 0xff, 0xff, 0xff, 0xff, 0x01, 0x00, 0x00, 0x00,
  0xb5, 0x04, 0x15, 0x3d, 0xa8, 0x00, 0x00, 0x00, 0x66, 0x75, 0x6e, 0x63,
  0x74, 0x69, 0x6f, 0x6e, 0x61, 0x6c, 0x5f, 0x31, 0x2f, 0x72, 0x65, 0x5f,
  0x6c, 0x75, 0x5f, 0x38, 0x5f, 0x31, 0x2f, 0x52, 0x65, 0x6c, 0x75, 0x3b,
  0x66, 0x75, 0x6e, 0x63, 0x74, 0x69, 0x6f, 0x6e, 0x61, 0x6c, 0x5f, 0x31,
  0x2f, 0x62, 0x61, 0x74, 0x63, 0x68, 0x5f, 0x6e, 0x6f, 0x72, 0x6d, 0x61,
  0x6c, 0x69, 0x7a, 0x61, 0x74, 0x69, 0x6f, 0x6e, 0x5f, 0x38, 0x5f, 0x31,
  0x2f, 0x62, 0x61, 0x74, 0x63, 0x68, 0x6e, 0x6f, 0x72, 0x6d, 0x2f, 0x61,
  0x64, 0x64, 0x5f, 0x31, 0x3b, 0x66, 0x75, 0x6e, 0x63, 0x74, 0x69, 0x6f,
  0x6e, 0x61, 0x6c, 0x5f, 0x31, 0x2f, 0x63, 0x6f, 0x6e, 0x76, 0x32, 0x64,
  0x5f, 0x34, 0x5f, 0x31, 0x2f, 0x63, 0x6f, 0x6e, 0x76, 0x6f, 0x6c, 0x75,
  0x74, 0x69, 0x6f, 0x6e, 0x3b, 0x66, 0x75, 0x6e, 0x63, 0x74, 0x69, 0x6f,
  0x6e, 0x61, 0x6c, 0x5f, 0x31, 0x2f, 0x62, 0x61, 0x74, 0x63, 0x68, 0x5f,
  0x6e, 0x6f, 0x72, 0x6d, 0x61, 0x6c, 0x69, 0x7a, 0x61, 0x74, 0x69, 0x6f,
  0x6e, 0x5f, 0x38, 0x5f, 0x31, 0x2f, 0x62, 0x61, 0x74, 0x63, 0x68, 0x6e,
  0x6f, 0x72, 0x6d, 0x2f, 0x73, 0x75, 0x62, 0x31, 0x00, 0x00, 0x00, 0x00,
  0x04, 0x00, 0x00, 0x00, 0x01, 0x00, 0x00, 0x00, 0x0d, 0x00, 0x00, 0x00,
  0x04, 0x00, 0x00, 0x00, 0x20, 0x00, 0x00, 0x00, 0x3a, 0xc9, 0xff, 0xff,
  0x00, 0x00, 0x00, 0x01, 0x18, 0x00, 0x00, 0x00, 0x28, 0x00, 0x00, 0x00,
  0x44, 0x00, 0x00, 0x00, 0x1e, 0x00, 0x00, 0x00, 0x00, 0x00, 0x00, 0x09,
  0x58, 0x01, 0x00, 0x00, 0x04, 0x00, 0x00, 0x00, 0xff, 0xff, 0xff, 0xff,
  0x0d, 0x00, 0x00, 0x00, 0x04, 0x00, 0x00, 0x00, 0x20, 0x00, 0x00, 0x00,
  0x24, 0xc9, 0xff, 0xff, 0x08, 0x00, 0x00, 0x00, 0x10, 0x00, 0x00, 0x00,
  0x01, 0x00, 0x00, 0x00, 0x80, 0xff, 0xff, 0xff, 0xff, 0xff, 0xff, 0xff,
  0x01, 0x00, 0x00, 0x00, 0x8f, 0xf5, 0xf8, 0x3c, 0x18, 0x01, 0x00, 0x00,
  0x66, 0x75, 0x6e, 0x63, 0x74, 0x69, 0x6f, 0x6e, 0x61, 0x6c, 0x5f, 0x31,
  0x2f, 0x72, 0x65, 0x5f, 0x6c, 0x75, 0x5f, 0x37, 0x5f, 0x31, 0x2f, 0x52,
  0x65, 0x6c, 0x75, 0x3b, 0x66, 0x75, 0x6e, 0x63, 0x74, 0x69, 0x6f, 0x6e,
  0x61, 0x6c, 0x5f, 0x31, 0x2f, 0x62, 0x61, 0x74, 0x63, 0x68, 0x5f, 0x6e,
  0x6f, 0x72, 0x6d, 0x61, 0x6c, 0x69, 0x7a, 0x61, 0x74, 0x69, 0x6f, 0x6e,
  0x5f, 0x37, 0x5f, 0x31, 0x2f, 0x62, 0x61, 0x74, 0x63, 0x68, 0x6e, 0x6f,
  0x72, 0x6d, 0x2f, 0x61, 0x64, 0x64, 0x5f, 0x31, 0x3b, 0x66, 0x75, 0x6e,
  0x63, 0x74, 0x69, 0x6f, 0x6e, 0x61, 0x6c, 0x5f, 0x31, 0x2f, 0x62, 0x61,
  0x74, 0x63, 0x68, 0x5f, 0x6e, 0x6f, 0x72, 0x6d, 0x61, 0x6c, 0x69, 0x7a,
  0x61, 0x74, 0x69, 0x6f, 0x6e, 0x5f, 0x37, 0x5f, 0x31, 0x2f, 0x62, 0x61,
  0x74, 0x63, 0x68, 0x6e, 0x6f, 0x72, 0x6d, 0x2f, 0x6d, 0x75, 0x6c, 0x5f,
  0x31, 0x3b, 0x66, 0x75, 0x6e, 0x63, 0x74, 0x69, 0x6f, 0x6e, 0x61, 0x6c,
  0x5f, 0x31, 0x2f, 0x64, 0x65, 0x70, 0x74, 0x68, 0x77, 0x69, 0x73, 0x65,
  0x5f, 0x63, 0x6f, 0x6e, 0x76, 0x32, 0x64, 0x5f, 0x33, 0x5f, 0x31, 0x2f,
  0x64, 0x65, 0x70, 0x74, 0x68, 0x77, 0x69, 0x73, 0x65, 0x3b, 0x66, 0x75,
  0x6e, 0x63, 0x74, 0x69, 0x6f, 0x6e, 0x61, 0x6c, 0x5f, 0x31, 0x2f, 0x62,
  0x61, 0x74, 0x63, 0x68, 0x5f, 0x6e, 0x6f, 0x72, 0x6d, 0x61, 0x6c, 0x69,
  0x7a, 0x61, 0x74, 0x69, 0x6f, 0x6e, 0x5f, 0x37, 0x5f, 0x31, 0x2f, 0x62,
  0x61, 0x74, 0x63, 0x68, 0x6e, 0x6f, 0x72, 0x6d, 0x2f, 0x6d, 0x75, 0x6c,
  0x3b, 0x66, 0x75, 0x6e, 0x63, 0x74, 0x69, 0x6f, 0x6e, 0x61, 0x6c, 0x5f,
  0x31, 0x2f, 0x62, 0x61, 0x74, 0x63, 0x68, 0x5f, 0x6e, 0x6f, 0x72, 0x6d,
  0x61, 0x6c, 0x69, 0x7a, 0x61, 0x74, 0x69, 0x6f, 0x6e, 0x5f, 0x37, 0x5f,
  0x31, 0x2f, 0x62, 0x61, 0x74, 0x63, 0x68, 0x6e, 0x6f, 0x72, 0x6d, 0x2f,
  0x73, 0x75, 0x62, 0x31, 0x00, 0x00, 0x00, 0x00, 0x04, 0x00, 0x00, 0x00,
  0x01, 0x00, 0x00, 0x00, 0x0d, 0x00, 0x00, 0x00, 0x04, 0x00, 0x00, 0x00,
  0x20, 0x00, 0x00, 0x00, 0xc2, 0xca, 0xff, 0xff, 0x00, 0x00, 0x00, 0x01,
  0x18, 0x00, 0x00, 0x00, 0x28, 0x00, 0x00, 0x00, 0x44, 0x00, 0x00, 0x00,
  0x1d, 0x00, 0x00, 0x00, 0x00, 0x00, 0x00, 0x09, 0xe8, 0x00, 0x00, 0x00,
  0x04, 0x00, 0x00, 0x00, 0xff, 0xff, 0xff, 0xff, 0x0d, 0x00, 0x00, 0x00,
  0x04, 0x00, 0x00, 0x00, 0x20, 0x00, 0x00, 0x00, 0xac, 0xca, 0xff, 0xff,
  0x08, 0x00, 0x00, 0x00, 0x10, 0x00, 0x00, 0x00, 0x01, 0x00, 0x00, 0x00,
  0x80, 0xff, 0xff, 0xff, 0xff, 0xff, 0xff, 0xff, 0x01, 0x00, 0x00, 0x00,
  0x85, 0x8f, 0x19, 0x3d, 0xa8, 0x00, 0x00, 0x00, 0x66, 0x75, 0x6e, 0x63,
  0x74, 0x69, 0x6f, 0x6e, 0x61, 0x6c, 0x5f, 0x31, 0x2f, 0x72, 0x65, 0x5f,
  0x6c, 0x75, 0x5f, 0x36, 0x5f, 0x31, 0x2f, 0x52, 0x65, 0x6c, 0x75, 0x3b,
  0x66, 0x75, 0x6e, 0x63, 0x74, 0x69, 0x6f, 0x6e, 0x61, 0x6c, 0x5f, 0x31,
  0x2f, 0x62, 0x61, 0x74, 0x63, 0x68, 0x5f, 0x6e, 0x6f, 0x72, 0x6d, 0x61,
  0x6c, 0x69, 0x7a, 0x61, 0x74, 0x69, 0x6f, 0x6e, 0x5f, 0x36, 0x5f, 0x31,
  0x2f, 0x62, 0x61, 0x74, 0x63, 0x68, 0x6e, 0x6f, 0x72, 0x6d, 0x2f, 0x61,
  0x64, 0x64, 0x5f, 0x31, 0x3b, 0x66, 0x75, 0x6e, 0x63, 0x74, 0x69, 0x6f,
  0x6e, 0x61, 0x6c, 0x5f, 0x31, 0x2f, 0x63, 0x6f, 0x6e, 0x76, 0x32, 0x64,
  0x5f, 0x33, 0x5f, 0x31, 0x2f, 0x63, 0x6f, 0x6e, 0x76, 0x6f, 0x6c, 0x75,
  0x74, 0x69, 0x6f, 0x6e, 0x3b, 0x66, 0x75, 0x6e, 0x63, 0x74, 0x69, 0x6f,
  0x6e, 0x61, 0x6c, 0x5f, 0x31, 0x2f, 0x62, 0x61, 0x74, 0x63, 0x68, 0x5f,
  0x6e, 0x6f, 0x72, 0x6d, 0x61, 0x6c, 0x69, 0x7a, 0x61, 0x74, 0x69, 0x6f,
  0x6e, 0x5f, 0x36, 0x5f, 0x31, 0x2f, 0x62, 0x61, 0x74, 0x63, 0x68, 0x6e,
  0x6f, 0x72, 0x6d, 0x2f, 0x73, 0x75, 0x62, 0x31, 0x00, 0x00, 0x00, 0x00,
  0x04, 0x00, 0x00, 0x00, 0x01, 0x00, 0x00, 0x00, 0x0d, 0x00, 0x00, 0x00,
  0x04, 0x00, 0x00, 0x00, 0x20, 0x00, 0x00, 0x00, 0xda, 0xcb, 0xff, 0xff,
  0x00, 0x00, 0x00, 0x01, 0x18, 0x00, 0x00, 0x00, 0x28, 0x00, 0x00, 0x00,
  0x44, 0x00, 0x00, 0x00, 0x1c, 0x00, 0x00, 0x00, 0x00, 0x00, 0x00, 0x09,
  0x58, 0x01, 0x00, 0x00, 0x04, 0x00, 0x00, 0x00, 0xff, 0xff, 0xff, 0xff,
  0x0d, 0x00, 0x00, 0x00, 0x04, 0x00, 0x00, 0x00, 0x20, 0x00, 0x00, 0x00,
  0xc4, 0xcb, 0xff, 0xff, 0x08, 0x00, 0x00, 0x00, 0x10, 0x00, 0x00, 0x00,
  0x01, 0x00, 0x00, 0x00, 0x80, 0xff, 0xff, 0xff, 0xff, 0xff, 0xff, 0xff,
  0x01, 0x00, 0x00, 0x00, 0xac, 0xf5, 0x27, 0x3d, 0x18, 0x01, 0x00, 0x00,
  0x66, 0x75, 0x6e, 0x63, 0x74, 0x69, 0x6f, 0x6e, 0x61, 0x6c, 0x5f, 0x31,
  0x2f, 0x72, 0x65, 0x5f, 0x6c, 0x75, 0x5f, 0x35, 0x5f, 0x31, 0x2f, 0x52,
  0x65, 0x6c, 0x75, 0x3b, 0x66, 0x75, 0x6e, 0x63, 0x74, 0x69, 0x6f, 0x6e,
  0x61, 0x6c, 0x5f, 0x31, 0x2f, 0x62, 0x61, 0x74, 0x63, 0x68, 0x5f, 0x6e,
  0x6f, 0x72, 0x6d, 0x61, 0x6c, 0x69, 0x7a, 0x61, 0x74, 0x69, 0x6f, 0x6e,
  0x5f, 0x35, 0x5f, 0x31, 0x2f, 0x62, 0x61, 0x74, 0x63, 0x68, 0x6e, 0x6f,
  0x72, 0x6d, 0x2f, 0x61, 0x64, 0x64, 0x5f, 0x31, 0x3b, 0x66, 0x75, 0x6e,
  0x63, 0x74, 0x69, 0x6f, 0x6e, 0x61, 0x6c, 0x5f, 0x31, 0x2f, 0x62, 0x61,
  0x74, 0x63, 0x68, 0x5f, 0x6e, 0x6f, 0x72, 0x6d, 0x61, 0x6c, 0x69, 0x7a,
  0x61, 0x74, 0x69, 0x6f, 0x6e, 0x5f, 0x35, 0x5f, 0x31, 0x2f, 0x62, 0x61,
  0x74, 0x63, 0x68, 0x6e, 0x6f, 0x72, 0x6d, 0x2f, 0x6d, 0x75, 0x6c, 0x5f,
  0x31, 0x3b, 0x66, 0x75, 0x6e, 0x63, 0x74, 0x69, 0x6f, 0x6e, 0x61, 0x6c,
  0x5f, 0x31, 0x2f, 0x64, 0x65, 0x70, 0x74, 0x68, 0x77, 0x69, 0x73, 0x65,
  0x5f, 0x63, 0x6f, 0x6e, 0x76, 0x32, 0x64, 0x5f, 0x32, 0x5f, 0x31, 0x2f,
  0x64, 0x65, 0x70, 0x74, 0x68, 0x77, 0x69, 0x73, 0x65, 0x3b, 0x66, 0x75,
  0x6e, 0x63, 0x74, 0x69, 0x6f, 0x6e, 0x61, 0x6c, 0x5f, 0x31, 0x2f, 0x62,
  0x61, 0x74, 0x63, 0x68, 0x5f, 0x6e, 0x6f, 0x72, 0x6d, 0x61, 0x6c, 0x69,
  0x7a, 0x61, 0x74, 0x69, 0x6f, 0x6e, 0x5f, 0x35, 0x5f, 0x31, 0x2f, 0x62,
  0x61, 0x74, 0x63, 0x68, 0x6e, 0x6f, 0x72, 0x6d, 0x2f, 0x6d, 0x75, 0x6c,
  0x3b, 0x66, 0x75, 0x6e, 0x63, 0x74, 0x69, 0x6f, 0x6e, 0x61, 0x6c, 0x5f,
  0x31, 0x2f, 0x62, 0x61, 0x74, 0x63, 0x68, 0x5f, 0x6e, 0x6f, 0x72, 0x6d,
  0x61, 0x6c, 0x69, 0x7a, 0x61, 0x74, 0x69, 0x6f, 0x6e, 0x5f, 0x35, 0x5f,
  0x31, 0x2f, 0x62, 0x61, 0x74, 0x63, 0x68, 0x6e, 0x6f, 0x72, 0x6d, 0x2f,
  0x73, 0x75, 0x62, 0x31, 0x00, 0x00, 0x00, 0x00, 0x04, 0x00, 0x00, 0x00,
  0x01, 0x00, 0x00, 0x00, 0x0d, 0x00, 0x00, 0x00, 0x04, 0x00, 0x00, 0x00,
  0x20, 0x00, 0x00, 0x00, 0x62, 0xcd, 0xff, 0xff, 0x00, 0x00, 0x00, 0x01,
  0x18, 0x00, 0x00, 0x00, 0x28, 0x00, 0x00, 0x00, 0x44, 0x00, 0x00, 0x00,
  0x1b, 0x00, 0x00, 0x00, 0x00, 0x00, 0x00, 0x09, 0xe8, 0x00, 0x00, 0x00,
  0x04, 0x00, 0x00, 0x00, 0xff, 0xff, 0xff, 0xff, 0x0d, 0x00, 0x00, 0x00,
  0x04, 0x00, 0x00, 0x00, 0x20, 0x00, 0x00, 0x00, 0x4c, 0xcd, 0xff, 0xff,
  0x08, 0x00, 0x00, 0x00, 0x10, 0x00, 0x00, 0x00, 0x01, 0x00, 0x00, 0x00,
  0x80, 0xff, 0xff, 0xff, 0xff, 0xff, 0xff, 0xff, 0x01, 0x00, 0x00, 0x00,
  0x50, 0x66, 0x04, 0x3d, 0xa8, 0x00, 0x00, 0x00, 0x66, 0x75, 0x6e, 0x63,
  0x74, 0x69, 0x6f, 0x6e, 0x61, 0x6c, 0x5f, 0x31, 0x2f, 0x72, 0x65, 0x5f,
  0x6c, 0x75, 0x5f, 0x34, 0x5f, 0x31, 0x2f, 0x52, 0x65, 0x6c, 0x75, 0x3b,
  0x66, 0x75, 0x6e, 0x63, 0x74, 0x69, 0x6f, 0x6e, 0x61, 0x6c, 0x5f, 0x31,
  0x2f, 0x62, 0x61, 0x74, 0x63, 0x68, 0x5f, 0x6e, 0x6f, 0x72, 0x6d, 0x61,
  0x6c, 0x69, 0x7a, 0x61, 0x74, 0x69, 0x6f, 0x6e, 0x5f, 0x34, 0x5f, 0x31,
  0x2f, 0x62, 0x61, 0x74, 0x63, 0x68, 0x6e, 0x6f, 0x72, 0x6d, 0x2f, 0x61,
  0x64, 0x64, 0x5f, 0x31, 0x3b, 0x66, 0x75, 0x6e, 0x63, 0x74, 0x69, 0x6f,
  0x6e, 0x61, 0x6c, 0x5f, 0x31, 0x2f, 0x63, 0x6f, 0x6e, 0x76, 0x32, 0x64,
  0x5f, 0x32, 0x5f, 0x31, 0x2f, 0x63, 0x6f, 0x6e, 0x76, 0x6f, 0x6c, 0x75,
  0x74, 0x69, 0x6f, 0x6e, 0x3b, 0x66, 0x75, 0x6e, 0x63, 0x74, 0x69, 0x6f,
  0x6e, 0x61, 0x6c, 0x5f, 0x31, 0x2f, 0x62, 0x61, 0x74, 0x63, 0x68, 0x5f,
  0x6e, 0x6f, 0x72, 0x6d, 0x61, 0x6c, 0x69, 0x7a, 0x61, 0x74, 0x69, 0x6f,
  0x6e, 0x5f, 0x34, 0x5f, 0x31, 0x2f, 0x62, 0x61, 0x74, 0x63, 0x68, 0x6e,
  0x6f, 0x72, 0x6d, 0x2f, 0x73, 0x75, 0x62, 0x31, 0x00, 0x00, 0x00, 0x00,
  0x04, 0x00, 0x00, 0x00, 0x01, 0x00, 0x00, 0x00, 0x0d, 0x00, 0x00, 0x00,
  0x04, 0x00, 0x00, 0x00, 0x20, 0x00, 0x00, 0x00, 0x7a, 0xce, 0xff, 0xff,
  0x00, 0x00, 0x00, 0x01, 0x18, 0x00, 0x00, 0x00, 0x28, 0x00, 0x00, 0x00,
  0x44, 0x00, 0x00, 0x00, 0x1a, 0x00, 0x00, 0x00, 0x00, 0x00, 0x00, 0x09,
  0x58, 0x01, 0x00, 0x00, 0x04, 0x00, 0x00, 0x00, 0xff, 0xff, 0xff, 0xff,
  0x0d, 0x00, 0x00, 0x00, 0x04, 0x00, 0x00, 0x00, 0x20, 0x00, 0x00, 0x00,
  0x64, 0xce, 0xff, 0xff, 0x08, 0x00, 0x00, 0x00, 0x10, 0x00, 0x00, 0x00,
  0x01, 0x00, 0x00, 0x00, 0x80, 0xff, 0xff, 0xff, 0xff, 0xff, 0xff, 0xff,
  0x01, 0x00, 0x00, 0x00, 0xc7, 0x62, 0x3b, 0x3d, 0x18, 0x01, 0x00, 0x00,
  0x66, 0x75, 0x6e, 0x63, 0x74, 0x69, 0x6f, 0x6e, 0x61, 0x6c, 0x5f, 0x31,
  0x2f, 0x72, 0x65, 0x5f, 0x6c, 0x75, 0x5f, 0x33, 0x5f, 0x31, 0x2f, 0x52,
  0x65, 0x6c, 0x75, 0x3b, 0x66, 0x75, 0x6e, 0x63, 0x74, 0x69, 0x6f, 0x6e,
  0x61, 0x6c, 0x5f, 0x31, 0x2f, 0x62, 0x61, 0x74, 0x63, 0x68, 0x5f, 0x6e,
  0x6f, 0x72, 0x6d, 0x61, 0x6c, 0x69, 0x7a, 0x61, 0x74, 0x69, 0x6f, 0x6e,
  0x5f, 0x33, 0x5f, 0x31, 0x2f, 0x62, 0x61, 0x74, 0x63, 0x68, 0x6e, 0x6f,
  0x72, 0x6d, 0x2f, 0x61, 0x64, 0x64, 0x5f, 0x31, 0x3b, 0x66, 0x75, 0x6e,
  0x63, 0x74, 0x69, 0x6f, 0x6e, 0x61, 0x6c, 0x5f, 0x31, 0x2f, 0x62, 0x61,
  0x74, 0x63, 0x68, 0x5f, 0x6e, 0x6f, 0x72, 0x6d, 0x61, 0x6c, 0x69, 0x7a,
  0x61, 0x74, 0x69, 0x6f, 0x6e, 0x5f, 0x33, 0x5f, 0x31, 0x2f, 0x62, 0x61,
  0x74, 0x63, 0x68, 0x6e, 0x6f, 0x72, 0x6d, 0x2f, 0x6d, 0x75, 0x6c, 0x5f,
  0x31, 0x3b, 0x66, 0x75, 0x6e, 0x63, 0x74, 0x69, 0x6f, 0x6e, 0x61, 0x6c,
  0x5f, 0x31, 0x2f, 0x64, 0x65, 0x70, 0x74, 0x68, 0x77, 0x69, 0x73, 0x65,
  0x5f, 0x63, 0x6f, 0x6e, 0x76, 0x32, 0x64, 0x5f, 0x31, 0x5f, 0x32, 0x2f,
  0x64, 0x65, 0x70, 0x74, 0x68, 0x77, 0x69, 0x73, 0x65, 0x3b, 0x66, 0x75,
  0x6e, 0x63, 0x74, 0x69, 0x6f, 0x6e, 0x61, 0x6c, 0x5f, 0x31, 0x2f, 0x62,
  0x61, 0x74, 0x63, 0x68, 0x5f, 0x6e, 0x6f, 0x72, 0x6d, 0x61, 0x6c, 0x69,
  0x7a, 0x61, 0x74, 0x69, 0x6f, 0x6e, 0x5f, 0x33, 0x5f, 0x31, 0x2f, 0x62,
  0x61, 0x74, 0x63, 0x68, 0x6e, 0x6f, 0x72, 0x6d, 0x2f, 0x6d, 0x75, 0x6c,
  0x3b, 0x66, 0x75, 0x6e, 0x63, 0x74, 0x69, 0x6f, 0x6e, 0x61, 0x6c, 0x5f,
  0x31, 0x2f, 0x62, 0x61, 0x74, 0x63, 0x68, 0x5f, 0x6e, 0x6f, 0x72, 0x6d,
  0x61, 0x6c, 0x69, 0x7a, 0x61, 0x74, 0x69, 0x6f, 0x6e, 0x5f, 0x33, 0x5f,
  0x31, 0x2f, 0x62, 0x61, 0x74, 0x63, 0x68, 0x6e, 0x6f, 0x72, 0x6d, 0x2f,
  0x73, 0x75, 0x62, 0x31, 0x00, 0x00, 0x00, 0x00, 0x04, 0x00, 0x00, 0x00,
  0x01, 0x00, 0x00, 0x00, 0x0d, 0x00, 0x00, 0x00, 0x04, 0x00, 0x00, 0x00,
  0x20, 0x00, 0x00, 0x00, 0x02, 0xd0, 0xff, 0xff, 0x00, 0x00, 0x00, 0x01,
  0x18, 0x00, 0x00, 0x00, 0x28, 0x00, 0x00, 0x00, 0x44, 0x00, 0x00, 0x00,
  0x19, 0x00, 0x00, 0x00, 0x00, 0x00, 0x00, 0x09, 0xe8, 0x00, 0x00, 0x00,
  0x04, 0x00, 0x00, 0x00, 0xff, 0xff, 0xff, 0xff, 0x19, 0x00, 0x00, 0x00,
  0x07, 0x00, 0x00, 0x00, 0x20, 0x00, 0x00, 0x00, 0xec, 0xcf, 0xff, 0xff,
  0x08, 0x00, 0x00, 0x00, 0x10, 0x00, 0x00, 0x00, 0x01, 0x00, 0x00, 0x00,
  0x80, 0xff, 0xff, 0xff, 0xff, 0xff, 0xff, 0xff, 0x01, 0x00, 0x00, 0x00,
  0xcf, 0x65, 0x05, 0x3d, 0xa8, 0x00, 0x00, 0x00, 0x66, 0x75, 0x6e, 0x63,
  0x74, 0x69, 0x6f, 0x6e, 0x61, 0x6c, 0x5f, 0x31, 0x2f, 0x72, 0x65, 0x5f,
  0x6c, 0x75, 0x5f, 0x32, 0x5f, 0x31, 0x2f, 0x52, 0x65, 0x6c, 0x75, 0x3b,
  0x66, 0x75, 0x6e, 0x63, 0x74, 0x69, 0x6f, 0x6e, 0x61, 0x6c, 0x5f, 0x31,
  0x2f, 0x62, 0x61, 0x74, 0x63, 0x68, 0x5f, 0x6e, 0x6f, 0x72, 0x6d, 0x61,
  0x6c, 0x69, 0x7a, 0x61, 0x74, 0x69, 0x6f, 0x6e, 0x5f, 0x32, 0x5f, 0x31,
  0x2f, 0x62, 0x61, 0x74, 0x63, 0x68, 0x6e, 0x6f, 0x72, 0x6d, 0x2f, 0x61,
  0x64, 0x64, 0x5f, 0x31, 0x3b, 0x66, 0x75, 0x6e, 0x63, 0x74, 0x69, 0x6f,
  0x6e, 0x61, 0x6c, 0x5f, 0x31, 0x2f, 0x63, 0x6f, 0x6e, 0x76, 0x32, 0x64,
  0x5f, 0x31, 0x5f, 0x32, 0x2f, 0x63, 0x6f, 0x6e, 0x76, 0x6f, 0x6c, 0x75,
  0x74, 0x69, 0x6f, 0x6e, 0x3b, 0x66, 0x75, 0x6e, 0x63, 0x74, 0x69, 0x6f,
  0x6e, 0x61, 0x6c, 0x5f, 0x31, 0x2f, 0x62, 0x61, 0x74, 0x63, 0x68, 0x5f,
  0x6e, 0x6f, 0x72, 0x6d, 0x61, 0x6c, 0x69, 0x7a, 0x61, 0x74, 0x69, 0x6f,
  0x6e, 0x5f, 0x32, 0x5f, 0x31, 0x2f, 0x62, 0x61, 0x74, 0x63, 0x68, 0x6e,
  0x6f, 0x72, 0x6d, 0x2f, 0x73, 0x75, 0x62, 0x31, 0x00, 0x00, 0x00, 0x00,
  0x04, 0x00, 0x00, 0x00, 0x01, 0x00, 0x00, 0x00, 0x19, 0x00, 0x00, 0x00,
  0x07, 0x00, 0x00, 0x00, 0x20, 0x00, 0x00, 0x00, 0x1a, 0xd1, 0xff, 0xff,
  0x00, 0x00, 0x00, 0x01, 0x18, 0x00, 0x00, 0x00, 0x28, 0x00, 0x00, 0x00,
  0x48, 0x00, 0x00, 0x00, 0x18, 0x00, 0x00, 0x00, 0x00, 0x00, 0x00, 0x09,
  0x58, 0x01, 0x00, 0x00, 0x04, 0x00, 0x00, 0x00, 0xff, 0xff, 0xff, 0xff,
  0x19, 0x00, 0x00, 0x00, 0x07, 0x00, 0x00, 0x00, 0x20, 0x00, 0x00, 0x00,
  0x04, 0xd1, 0xff, 0xff, 0x08, 0x00, 0x00, 0x00, 0x14, 0x00, 0x00, 0x00,
  0x01, 0x00, 0x00, 0x00, 0x80, 0xff, 0xff, 0xff, 0xff, 0xff, 0xff, 0xff,
  0x00, 0x00, 0x00, 0x00, 0x01, 0x00, 0x00, 0x00, 0x2a, 0xc5, 0x11, 0x3d,
  0x16, 0x01, 0x00, 0x00, 0x66, 0x75, 0x6e, 0x63, 0x74, 0x69, 0x6f, 0x6e,
  0x61, 0x6c, 0x5f, 0x31, 0x2f, 0x72, 0x65, 0x5f, 0x6c, 0x75, 0x5f, 0x31,
  0x5f, 0x32, 0x2f, 0x52, 0x65, 0x6c, 0x75, 0x3b, 0x66, 0x75, 0x6e, 0x63,
  0x74, 0x69, 0x6f, 0x6e, 0x61, 0x6c, 0x5f, 0x31, 0x2f, 0x62, 0x61, 0x74,
  0x63, 0x68, 0x5f, 0x6e, 0x6f, 0x72, 0x6d, 0x61, 0x6c, 0x69, 0x7a, 0x61,
  0x74, 0x69, 0x6f, 0x6e, 0x5f, 0x31, 0x5f, 0x32, 0x2f, 0x62, 0x61, 0x74,
  0x63, 0x68, 0x6e, 0x6f, 0x72, 0x6d, 0x2f, 0x61, 0x64, 0x64, 0x5f, 0x31,
  0x3b, 0x66, 0x75, 0x6e, 0x63, 0x74, 0x69, 0x6f, 0x6e, 0x61, 0x6c, 0x5f,
  0x31, 0x2f, 0x62, 0x61, 0x74, 0x63, 0x68, 0x5f, 0x6e, 0x6f, 0x72, 0x6d,
  0x61, 0x6c, 0x69, 0x7a, 0x61, 0x74, 0x69, 0x6f, 0x6e, 0x5f, 0x31, 0x5f,
  0x32, 0x2f, 0x62, 0x61, 0x74, 0x63, 0x68, 0x6e, 0x6f, 0x72, 0x6d, 0x2f,
  0x6d, 0x75, 0x6c, 0x5f, 0x31, 0x3b, 0x66, 0x75, 0x6e, 0x63, 0x74, 0x69,
  0x6f, 0x6e, 0x61, 0x6c, 0x5f, 0x31, 0x2f, 0x64, 0x65, 0x70, 0x74, 0x68,
  0x77, 0x69, 0x73, 0x65, 0x5f, 0x63, 0x6f, 0x6e, 0x76, 0x32, 0x64, 0x5f,
  0x31, 0x2f, 0x64, 0x65, 0x70, 0x74, 0x68, 0x77, 0x69, 0x73, 0x65, 0x3b,
  0x66, 0x75, 0x6e, 0x63, 0x74, 0x69, 0x6f, 0x6e, 0x61, 0x6c, 0x5f, 0x31,
  0x2f, 0x62, 0x61, 0x74, 0x63, 0x68, 0x5f, 0x6e, 0x6f, 0x72, 0x6d, 0x61,
  0x6c, 0x69, 0x7a, 0x61, 0x74, 0x69, 0x6f, 0x6e, 0x5f, 0x31, 0x5f, 0x32,
  0x2f, 0x62, 0x61, 0x74, 0x63, 0x68, 0x6e, 0x6f, 0x72, 0x6d, 0x2f, 0x6d,
  0x75, 0x6c, 0x3b, 0x66, 0x75, 0x6e, 0x63, 0x74, 0x69, 0x6f, 0x6e, 0x61,
  0x6c, 0x5f, 0x31, 0x2f, 0x62, 0x61, 0x74, 0x63, 0x68, 0x5f, 0x6e, 0x6f,
  0x72, 0x6d, 0x61, 0x6c, 0x69, 0x7a, 0x61, 0x74, 0x69, 0x6f, 0x6e, 0x5f,
  0x31, 0x5f, 0x32, 0x2f, 0x62, 0x61, 0x74, 0x63, 0x68, 0x6e, 0x6f, 0x72,
  0x6d, 0x2f, 0x73, 0x75, 0x62, 0x31, 0x00, 0x00, 0x04, 0x00, 0x00, 0x00,
  0x01, 0x00, 0x00, 0x00, 0x19, 0x00, 0x00, 0x00, 0x07, 0x00, 0x00, 0x00,
  0x20, 0x00, 0x00, 0x00, 0xa2, 0xd2, 0xff, 0xff, 0x00, 0x00, 0x00, 0x01,
  0x18, 0x00, 0x00, 0x00, 0x28, 0x00, 0x00, 0x00, 0x44, 0x00, 0x00, 0x00,
  0x17, 0x00, 0x00, 0x00, 0x00, 0x00, 0x00, 0x09, 0xe0, 0x00, 0x00, 0x00,
  0x04, 0x00, 0x00, 0x00, 0xff, 0xff, 0xff, 0xff, 0x19, 0x00, 0x00, 0x00,
  0x07, 0x00, 0x00, 0x00, 0x20, 0x00, 0x00, 0x00, 0x8c, 0xd2, 0xff, 0xff,
  0x08, 0x00, 0x00, 0x00, 0x10, 0x00, 0x00, 0x00, 0x01, 0x00, 0x00, 0x00,
  0x80, 0xff, 0xff, 0xff, 0xff, 0xff, 0xff, 0xff, 0x01, 0x00, 0x00, 0x00,
  0x70, 0x32, 0xe7, 0x3c, 0xa0, 0x00, 0x00, 0x00, 0x66, 0x75, 0x6e, 0x63,
  0x74, 0x69, 0x6f, 0x6e, 0x61, 0x6c, 0x5f, 0x31, 0x2f, 0x72, 0x65, 0x5f,
  0x6c, 0x75, 0x5f, 0x31, 0x2f, 0x52, 0x65, 0x6c, 0x75, 0x3b, 0x66, 0x75,
  0x6e, 0x63, 0x74, 0x69, 0x6f, 0x6e, 0x61, 0x6c, 0x5f, 0x31, 0x2f, 0x62,
  0x61, 0x74, 0x63, 0x68, 0x5f, 0x6e, 0x6f, 0x72, 0x6d, 0x61, 0x6c, 0x69,
  0x7a, 0x61, 0x74, 0x69, 0x6f, 0x6e, 0x5f, 0x31, 0x2f, 0x62, 0x61, 0x74,
  0x63, 0x68, 0x6e, 0x6f, 0x72, 0x6d, 0x2f, 0x61, 0x64, 0x64, 0x5f, 0x31,
  0x3b, 0x66, 0x75, 0x6e, 0x63, 0x74, 0x69, 0x6f, 0x6e, 0x61, 0x6c, 0x5f,
  0x31, 0x2f, 0x63, 0x6f, 0x6e, 0x76, 0x32, 0x64, 0x5f, 0x31, 0x2f, 0x63,
  0x6f, 0x6e, 0x76, 0x6f, 0x6c, 0x75, 0x74, 0x69, 0x6f, 0x6e, 0x3b, 0x66,
  0x75, 0x6e, 0x63, 0x74, 0x69, 0x6f, 0x6e, 0x61, 0x6c, 0x5f, 0x31, 0x2f,
  0x62, 0x61, 0x74, 0x63, 0x68, 0x5f, 0x6e, 0x6f, 0x72, 0x6d, 0x61, 0x6c,
  0x69, 0x7a, 0x61, 0x74, 0x69, 0x6f, 0x6e, 0x5f, 0x31, 0x2f, 0x62, 0x61,
  0x74, 0x63, 0x68, 0x6e, 0x6f, 0x72, 0x6d, 0x2f, 0x73, 0x75, 0x62, 0x31,
  0x00, 0x00, 0x00, 0x00, 0x04, 0x00, 0x00, 0x00, 0x01, 0x00, 0x00, 0x00,
  0x19, 0x00, 0x00, 0x00, 0x07, 0x00, 0x00, 0x00, 0x20, 0x00, 0x00, 0x00,
  0x3a, 0xd4, 0xff, 0xff, 0x00, 0x00, 0x00, 0x01, 0x14, 0x00, 0x00, 0x00,
  0xa8, 0x01, 0x00, 0x00, 0x16, 0x00, 0x00, 0x00, 0x00, 0x00, 0x00, 0x09,
  0xc4, 0x01, 0x00, 0x00, 0x84, 0xd3, 0xff, 0xff, 0x08, 0x00, 0x00, 0x00,
  0x0c, 0x01, 0x00, 0x00, 0x20, 0x00, 0x00, 0x00, 0x00, 0x00, 0x00, 0x00,
  0x00, 0x00, 0x00, 0x00, 0x00, 0x00, 0x00, 0x00, 0x00, 0x00, 0x00, 0x00,
  0x00, 0x00, 0x00, 0x00, 0x00, 0x00, 0x00, 0x00, 0x00, 0x00, 0x00, 0x00,
  0x00, 0x00, 0x00, 0x00, 0x00, 0x00, 0x00, 0x00, 0x00, 0x00, 0x00, 0x00,
  0x00, 0x00, 0x00, 0x00, 0x00, 0x00, 0x00, 0x00, 0x00, 0x00, 0x00, 0x00,
  0x00, 0x00, 0x00, 0x00, 0x00, 0x00, 0x00, 0x00, 0x00, 0x00, 0x00, 0x00,
  0x00, 0x00, 0x00, 0x00, 0x00, 0x00, 0x00, 0x00, 0x00, 0x00, 0x00, 0x00,
  0x00, 0x00, 0x00, 0x00, 0x00, 0x00, 0x00, 0x00, 0x00, 0x00, 0x00, 0x00,
  0x00, 0x00, 0x00, 0x00, 0x00, 0x00, 0x00, 0x00, 0x00, 0x00, 0x00, 0x00,
  0x00, 0x00, 0x00, 0x00, 0x00, 0x00, 0x00, 0x00, 0x00, 0x00, 0x00, 0x00,
  0x00, 0x00, 0x00, 0x00, 0x00, 0x00, 0x00, 0x00, 0x00, 0x00, 0x00, 0x00,
  0x00, 0x00, 0x00, 0x00, 0x00, 0x00, 0x00, 0x00, 0x00, 0x00, 0x00, 0x00,
  0x00, 0x00, 0x00, 0x00, 0x00, 0x00, 0x00, 0x00, 0x00, 0x00, 0x00, 0x00,
  0x00, 0x00, 0x00, 0x00, 0x00, 0x00, 0x00, 0x00, 0x00, 0x00, 0x00, 0x00,
  0x00, 0x00, 0x00, 0x00, 0x00, 0x00, 0x00, 0x00, 0x00, 0x00, 0x00, 0x00,
  0x00, 0x00, 0x00, 0x00, 0x00, 0x00, 0x00, 0x00, 0x00, 0x00, 0x00, 0x00,
  0x00, 0x00, 0x00, 0x00, 0x00, 0x00, 0x00, 0x00, 0x00, 0x00, 0x00, 0x00,
  0x00, 0x00, 0x00, 0x00, 0x00, 0x00, 0x00, 0x00, 0x00, 0x00, 0x00, 0x00,
  0x00, 0x00, 0x00, 0x00, 0x00, 0x00, 0x00, 0x00, 0x00, 0x00, 0x00, 0x00,
  0x00, 0x00, 0x00, 0x00, 0x00, 0x00, 0x00, 0x00, 0x00, 0x00, 0x00, 0x00,
  0x00, 0x00, 0x00, 0x00, 0x00, 0x00, 0x00, 0x00, 0x00, 0x00, 0x00, 0x00,
  0x00, 0x00, 0x00, 0x00, 0x00, 0x00, 0x00, 0x00, 0x00, 0x00, 0x00, 0x00,
  0x00, 0x00, 0x00, 0x00, 0x20, 0x00, 0x00, 0x00, 0xef, 0x7d, 0xd7, 0x3a,
  0x8c, 0x3f, 0x3d, 0x3b, 0x2d, 0x6f, 0x12, 0x3b, 0xc1, 0xc4, 0x50, 0x3b,
  0x5d, 0x18, 0x0f, 0x3b, 0x04, 0xc0, 0x20, 0x3b, 0x72, 0x99, 0x04, 0x3b,
  0x3d, 0xdb, 0x06, 0x3b, 0x7e, 0x33, 0x1d, 0x3b, 0x14, 0x9f, 0xfb, 0x3a,
  0x7e, 0x04, 0x08, 0x3b, 0xd4, 0x3f, 0xf6, 0x3a, 0x60, 0x99, 0x1b, 0x3b,
  0xeb, 0x00, 0x3c, 0x3b, 0xad, 0x52, 0x06, 0x3b, 0x52, 0xc6, 0x4b, 0x3b,
  0xd2, 0xb5, 0x38, 0x3b, 0xdb, 0x41, 0x10, 0x3b, 0x15, 0x9c, 0xed, 0x3a,
  0xa9, 0x79, 0xe1, 0x3a, 0xef, 0x9d, 0xf1, 0x3a, 0x70, 0xe8, 0x15, 0x3b,
  0xb8, 0x9c, 0x1e, 0x3b, 0x75, 0xe9, 0x0d, 0x3b, 0xf7, 0xfa, 0x36, 0x3b,
  0xa0, 0xef, 0x54, 0x3b, 0xaf, 0x55, 0xfd, 0x3a, 0x66, 0x51, 0x0d, 0x3b,
  0x72, 0xeb, 0x2f, 0x3b, 0x18, 0x44, 0x3d, 0x3b, 0x7b, 0x16, 0x2a, 0x3b,
  0x5f, 0x17, 0x0a, 0x3b, 0x21, 0x00, 0x00, 0x00, 0x66, 0x75, 0x6e, 0x63,
  0x74, 0x69, 0x6f, 0x6e, 0x61, 0x6c, 0x5f, 0x31, 0x2f, 0x63, 0x6f, 0x6e,
  0x76, 0x32, 0x64, 0x5f, 0x31, 0x2f, 0x63, 0x6f, 0x6e, 0x76, 0x6f, 0x6c,
  0x75, 0x74, 0x69, 0x6f, 0x6e, 0x00, 0x00, 0x00, 0x04, 0x00, 0x00, 0x00,
  0x20, 0x00, 0x00, 0x00, 0x0a, 0x00, 0x00, 0x00, 0x04, 0x00, 0x00, 0x00,
  0x01, 0x00, 0x00, 0x00, 0x2a, 0xd6, 0xff, 0xff, 0x00, 0x00, 0x00, 0x01,
  0x14, 0x00, 0x00, 0x00, 0xa4, 0x01, 0x00, 0x00, 0x15, 0x00, 0x00, 0x00,
  0x00, 0x00, 0x00, 0x02, 0x3c, 0x02, 0x00, 0x00, 0x74, 0xd5, 0xff, 0xff,
  0x08, 0x00, 0x00, 0x00, 0x08, 0x01, 0x00, 0x00, 0x20, 0x00, 0x00, 0x00,
  0x00, 0x00, 0x00, 0x00, 0x00, 0x00, 0x00, 0x00, 0x00, 0x00, 0x00, 0x00,
  0x00, 0x00, 0x00, 0x00, 0x00, 0x00, 0x00, 0x00, 0x00, 0x00, 0x00, 0x00,
  0x00, 0x00, 0x00, 0x00, 0x00, 0x00, 0x00, 0x00, 0x00, 0x00, 0x00, 0x00,
  0x00, 0x00, 0x00, 0x00, 0x00, 0x00, 0x00, 0x00, 0x00, 0x00, 0x00, 0x00,
  0x00, 0x00, 0x00, 0x00, 0x00, 0x00, 0x00, 0x00, 0x00, 0x00, 0x00, 0x00,
  0x00, 0x00, 0x00, 0x00, 0x00, 0x00, 0x00, 0x00, 0x00, 0x00, 0x00, 0x00,
  0x00, 0x00, 0x00, 0x00, 0x00, 0x00, 0x00, 0x00, 0x00, 0x00, 0x00, 0x00,
  0x00, 0x00, 0x00, 0x00, 0x00, 0x00, 0x00, 0x00, 0x00, 0x00, 0x00, 0x00,
  0x00, 0x00, 0x00, 0x00, 0x00, 0x00, 0x00, 0x00, 0x00, 0x00, 0x00, 0x00,
  0x00, 0x00, 0x00, 0x00, 0x00, 0x00, 0x00, 0x00, 0x00, 0x00, 0x00, 0x00,
  0x00, 0x00, 0x00, 0x00, 0x00, 0x00, 0x00, 0x00, 0x00, 0x00, 0x00, 0x00,
  0x00, 0x00, 0x00, 0x00, 0x00, 0x00, 0x00, 0x00, 0x00, 0x00, 0x00, 0x00,
  0x00, 0x00, 0x00, 0x00, 0x00, 0x00, 0x00, 0x00, 0x00, 0x00, 0x00, 0x00,
  0x00, 0x00, 0x00, 0x00, 0x00, 0x00, 0x00, 0x00, 0x00, 0x00, 0x00, 0x00,
  0x00, 0x00, 0x00, 0x00, 0x00, 0x00, 0x00, 0x00, 0x00, 0x00, 0x00, 0x00,
  0x00, 0x00, 0x00, 0x00, 0x00, 0x00, 0x00, 0x00, 0x00, 0x00, 0x00, 0x00,
  0x00, 0x00, 0x00, 0x00, 0x00, 0x00, 0x00, 0x00, 0x00, 0x00, 0x00, 0x00,
  0x00, 0x00, 0x00, 0x00, 0x00, 0x00, 0x00, 0x00, 0x00, 0x00, 0x00, 0x00,
  0x00, 0x00, 0x00, 0x00, 0x00, 0x00, 0x00, 0x00, 0x00, 0x00, 0x00, 0x00,
  0x00, 0x00, 0x00, 0x00, 0x00, 0x00, 0x00, 0x00, 0x00, 0x00, 0x00, 0x00,
  0x00, 0x00, 0x00, 0x00, 0x00, 0x00, 0x00, 0x00, 0x00, 0x00, 0x00, 0x00,
  0x00, 0x00, 0x00, 0x00, 0x20, 0x00, 0x00, 0x00, 0x79, 0xb3, 0x9c, 0x38,
  0x02, 0x9e, 0x09, 0x39, 0xb9, 0xf7, 0xd4, 0x38, 0xde, 0xcf, 0x17, 0x39,
  0x86, 0x1c, 0xd0, 0x38, 0xb5, 0xc9, 0xe9, 0x38, 0xc9, 0xd8, 0xc0, 0x38,
  0x1a, 0x21, 0xc4, 0x38, 0x64, 0xa0, 0xe4, 0x38, 0x40, 0xf9, 0xb6, 0x38,
  0x6a, 0xd1, 0xc5, 0x38, 0x33, 0x11, 0xb3, 0x38, 0xef, 0x4b, 0xe2, 0x38,
  0x4e, 0xb6, 0x08, 0x39, 0x7e, 0x5a, 0xc3, 0x38, 0x38, 0x2e, 0x14, 0x39,
  0x39, 0x51, 0x06, 0x39, 0x2e, 0xcd, 0xd1, 0x38, 0xdd, 0xc8, 0xac, 0x38,
  0xf1, 0xf5, 0xa3, 0x38, 0xd7, 0xb2, 0xaf, 0x38, 0x07, 0x05, 0xda, 0x38,
  0xbe, 0xad, 0xe6, 0x38, 0xfd, 0x63, 0xce, 0x38, 0x30, 0x0f, 0x05, 0x39,
  0xac, 0xd7, 0x1a, 0x39, 0x32, 0x38, 0xb8, 0x38, 0xd7, 0x86, 0xcd, 0x38,
  0x9a, 0xd9, 0xff, 0x38, 0x50, 0xa1, 0x09, 0x39, 0x4c, 0x5e, 0xf7, 0x38,
  0x81, 0xd5, 0xc8, 0x38, 0x9f, 0x00, 0x00, 0x00, 0x66, 0x75, 0x6e, 0x63,
  0x74, 0x69, 0x6f, 0x6e, 0x61, 0x6c, 0x5f, 0x31, 0x2f, 0x72, 0x65, 0x5f,
  0x6c, 0x75, 0x5f, 0x31, 0x2f, 0x52, 0x65, 0x6c, 0x75, 0x3b, 0x66, 0x75,
  0x6e, 0x63, 0x74, 0x69, 0x6f, 0x6e, 0x61, 0x6c, 0x5f, 0x31, 0x2f, 0x62,
  0x61, 0x74, 0x63, 0x68, 0x5f, 0x6e, 0x6f, 0x72, 0x6d, 0x61, 0x6c, 0x69,
  0x7a, 0x61, 0x74, 0x69, 0x6f, 0x6e, 0x5f, 0x31, 0x2f, 0x62, 0x61, 0x74,
  0x63, 0x68, 0x6e, 0x6f, 0x72, 0x6d, 0x2f, 0x61, 0x64, 0x64, 0x5f, 0x31,
  0x3b, 0x66, 0x75, 0x6e, 0x63, 0x74, 0x69, 0x6f, 0x6e, 0x61, 0x6c, 0x5f,
  0x31, 0x2f, 0x63, 0x6f, 0x6e, 0x76, 0x32, 0x64, 0x5f, 0x31, 0x2f, 0x63,
  0x6f, 0x6e, 0x76, 0x6f, 0x6c, 0x75, 0x74, 0x69, 0x6f, 0x6e, 0x3b, 0x66,
  0x75, 0x6e, 0x63, 0x74, 0x69, 0x6f, 0x6e, 0x61, 0x6c, 0x5f, 0x31, 0x2f,
  0x62, 0x61, 0x74, 0x63, 0x68, 0x5f, 0x6e, 0x6f, 0x72, 0x6d, 0x61, 0x6c,
  0x69, 0x7a, 0x61, 0x74, 0x69, 0x6f, 0x6e, 0x5f, 0x31, 0x2f, 0x62, 0x61,
  0x74, 0x63, 0x68, 0x6e, 0x6f, 0x72, 0x6d, 0x2f, 0x73, 0x75, 0x62, 0x00,
  0x01, 0x00, 0x00, 0x00, 0x20, 0x00, 0x00, 0x00, 0x86, 0xd8, 0xff, 0xff,
  0x00, 0x00, 0x00, 0x01, 0x14, 0x00, 0x00, 0x00, 0xac, 0x01, 0x00, 0x00,
  0x14, 0x00, 0x00, 0x00, 0x00, 0x00, 0x00, 0x09, 0x38, 0x02, 0x00, 0x00,
  0x32, 0xe3, 0xff, 0xff, 0x03, 0x00, 0x00, 0x00, 0x08, 0x00, 0x00, 0x00,
  0x0c, 0x01, 0x00, 0x00, 0x20, 0x00, 0x00, 0x00, 0x00, 0x00, 0x00, 0x00,
  0x00, 0x00, 0x00, 0x00, 0x00, 0x00, 0x00, 0x00, 0x00, 0x00, 0x00, 0x00,
  0x00, 0x00, 0x00, 0x00, 0x00, 0x00, 0x00, 0x00, 0x00, 0x00, 0x00, 0x00,
  0x00, 0x00, 0x00, 0x00, 0x00, 0x00, 0x00, 0x00, 0x00, 0x00, 0x00, 0x00,
  0x00, 0x00, 0x00, 0x00, 0x00, 0x00, 0x00, 0x00, 0x00, 0x00, 0x00, 0x00,
  0x00, 0x00, 0x00, 0x00, 0x00, 0x00, 0x00, 0x00, 0x00, 0x00, 0x00, 0x00,
  0x00, 0x00, 0x00, 0x00, 0x00, 0x00, 0x00, 0x00, 0x00, 0x00, 0x00, 0x00,
  0x00, 0x00, 0x00, 0x00, 0x00, 0x00, 0x00, 0x00, 0x00, 0x00, 0x00, 0x00,
  0x00, 0x00, 0x00, 0x00, 0x00, 0x00, 0x00, 0x00, 0x00, 0x00, 0x00, 0x00,
  0x00, 0x00, 0x00, 0x00, 0x00, 0x00, 0x00, 0x00, 0x00, 0x00, 0x00, 0x00,
  0x00, 0x00, 0x00, 0x00, 0x00, 0x00, 0x00, 0x00, 0x00, 0x00, 0x00, 0x00,
  0x00, 0x00, 0x00, 0x00, 0x00, 0x00, 0x00, 0x00, 0x00, 0x00, 0x00, 0x00,
  0x00, 0x00, 0x00, 0x00, 0x00, 0x00, 0x00, 0x00, 0x00, 0x00, 0x00, 0x00,
  0x00, 0x00, 0x00, 0x00, 0x00, 0x00, 0x00, 0x00, 0x00, 0x00, 0x00, 0x00,
  0x00, 0x00, 0x00, 0x00, 0x00, 0x00, 0x00, 0x00, 0x00, 0x00, 0x00, 0x00,
  0x00, 0x00, 0x00, 0x00, 0x00, 0x00, 0x00, 0x00, 0x00, 0x00, 0x00, 0x00,
  0x00, 0x00, 0x00, 0x00, 0x00, 0x00, 0x00, 0x00, 0x00, 0x00, 0x00, 0x00,
  0x00, 0x00, 0x00, 0x00, 0x00, 0x00, 0x00, 0x00, 0x00, 0x00, 0x00, 0x00,
  0x00, 0x00, 0x00, 0x00, 0x00, 0x00, 0x00, 0x00, 0x00, 0x00, 0x00, 0x00,
  0x00, 0x00, 0x00, 0x00, 0x00, 0x00, 0x00, 0x00, 0x00, 0x00, 0x00, 0x00,
  0x00, 0x00, 0x00, 0x00, 0x00, 0x00, 0x00, 0x00, 0x00, 0x00, 0x00, 0x00,
  0x00, 0x00, 0x00, 0x00, 0x00, 0x00, 0x00, 0x00, 0x00, 0x00, 0x00, 0x00,
  0x00, 0x00, 0x00, 0x00, 0x20, 0x00, 0x00, 0x00, 0xa7, 0xaf, 0x15, 0x3c,
  0xfa, 0x27, 0xd9, 0x3b, 0x21, 0x98, 0xdd, 0x3b, 0x4b, 0xa1, 0xc9, 0x3b,
  0x16, 0xac, 0x26, 0x3c, 0x66, 0x42, 0x03, 0x3c, 0xd5, 0xe2, 0xc2, 0x3b,
  0x2e, 0xba, 0xf7, 0x3b, 0x8c, 0xc0, 0x12, 0x3c, 0x53, 0x44, 0xdb, 0x3b,
  0xe4, 0x3e, 0xdb, 0x3b, 0x4d, 0xdb, 0xe4, 0x3b, 0x8c, 0xe0, 0xac, 0x3b,
  0x14, 0xed, 0xcf, 0x3b, 0x32, 0x40, 0xce, 0x3b, 0xb7, 0xc4, 0xab, 0x3b,
  0x5c, 0x2b, 0xec, 0x3b, 0x35, 0x91, 0xec, 0x3b, 0x3d, 0x39, 0x09, 0x3c,
  0xb0, 0x1b, 0xc2, 0x3b, 0x98, 0x6f, 0xe0, 0x3b, 0x8c, 0xb8, 0x01, 0x3c,
  0xbb, 0xac, 0xa0, 0x3b, 0x98, 0x1f, 0xee, 0x3b, 0x8a, 0x91, 0xb3, 0x3b,
  0xce, 0x81, 0xc9, 0x3b, 0x4e, 0x31, 0xe2, 0x3b, 0x7b, 0x94, 0x03, 0x3c,
  0xb5, 0x46, 0xf0, 0x3b, 0x7a, 0xd1, 0x13, 0x3c, 0xce, 0xec, 0xfe, 0x3b,
  0x5c, 0x2b, 0x04, 0x3c, 0x91, 0x00, 0x00, 0x00, 0x66, 0x75, 0x6e, 0x63,
  0x74, 0x69, 0x6f, 0x6e, 0x61, 0x6c, 0x5f, 0x31, 0x2f, 0x62, 0x61, 0x74,
  0x63, 0x68, 0x5f, 0x6e, 0x6f, 0x72, 0x6d, 0x61, 0x6c, 0x69, 0x7a, 0x61,
  0x74, 0x69, 0x6f, 0x6e, 0x5f, 0x31, 0x5f, 0x32, 0x2f, 0x62, 0x61, 0x74,
  0x63, 0x68, 0x6e, 0x6f, 0x72, 0x6d, 0x2f, 0x6d, 0x75, 0x6c, 0x5f, 0x31,
  0x3b, 0x66, 0x75, 0x6e, 0x63, 0x74, 0x69, 0x6f, 0x6e, 0x61, 0x6c, 0x5f,
  0x31, 0x2f, 0x64, 0x65, 0x70, 0x74, 0x68, 0x77, 0x69, 0x73, 0x65, 0x5f,
  0x63, 0x6f, 0x6e, 0x76, 0x32, 0x64, 0x5f, 0x31, 0x2f, 0x64, 0x65, 0x70,
  0x74, 0x68, 0x77, 0x69, 0x73, 0x65, 0x3b, 0x66, 0x75, 0x6e, 0x63, 0x74,
  0x69, 0x6f, 0x6e, 0x61, 0x6c, 0x5f, 0x31, 0x2f, 0x62, 0x61, 0x74, 0x63,
  0x68, 0x5f, 0x6e, 0x6f, 0x72, 0x6d, 0x61, 0x6c, 0x69, 0x7a, 0x61, 0x74,
  0x69, 0x6f, 0x6e, 0x5f, 0x31, 0x5f, 0x32, 0x2f, 0x62, 0x61, 0x74, 0x63,
  0x68, 0x6e, 0x6f, 0x72, 0x6d, 0x2f, 0x6d, 0x75, 0x6c, 0x00, 0x00, 0x00,
  0x04, 0x00, 0x00, 0x00, 0x01, 0x00, 0x00, 0x00, 0x03, 0x00, 0x00, 0x00,
  0x03, 0x00, 0x00, 0x00, 0x20, 0x00, 0x00, 0x00, 0xea, 0xda, 0xff, 0xff,
  0x00, 0x00, 0x00, 0x01, 0x14, 0x00, 0x00, 0x00, 0xa8, 0x01, 0x00, 0x00,
  0x13, 0x00, 0x00, 0x00, 0x00, 0x00, 0x00, 0x02, 0xb8, 0x02, 0x00, 0x00,
  0x34, 0xda, 0xff, 0xff, 0x08, 0x00, 0x00, 0x00, 0x0c, 0x01, 0x00, 0x00,
  0x20, 0x00, 0x00, 0x00, 0x00, 0x00, 0x00, 0x00, 0x00, 0x00, 0x00, 0x00,
  0x00, 0x00, 0x00, 0x00, 0x00, 0x00, 0x00, 0x00, 0x00, 0x00, 0x00, 0x00,
  0x00, 0x00, 0x00, 0x00, 0x00, 0x00, 0x00, 0x00, 0x00, 0x00, 0x00, 0x00,
  0x00, 0x00, 0x00, 0x00, 0x00, 0x00, 0x00, 0x00, 0x00, 0x00, 0x00, 0x00,
  0x00, 0x00, 0x00, 0x00, 0x00, 0x00, 0x00, 0x00, 0x00, 0x00, 0x00, 0x00,
  0x00, 0x00, 0x00, 0x00, 0x00, 0x00, 0x00, 0x00, 0x00, 0x00, 0x00, 0x00,
  0x00, 0x00, 0x00, 0x00, 0x00, 0x00, 0x00, 0x00, 0x00, 0x00, 0x00, 0x00,
  0x00, 0x00, 0x00, 0x00, 0x00, 0x00, 0x00, 0x00, 0x00, 0x00, 0x00, 0x00,
  0x00, 0x00, 0x00, 0x00, 0x00, 0x00, 0x00, 0x00, 0x00, 0x00, 0x00, 0x00,
  0x00, 0x00, 0x00, 0x00, 0x00, 0x00, 0x00, 0x00, 0x00, 0x00, 0x00, 0x00,
  0x00, 0x00, 0x00, 0x00, 0x00, 0x00, 0x00, 0x00, 0x00, 0x00, 0x00, 0x00,
  0x00, 0x00, 0x00, 0x00, 0x00, 0x00, 0x00, 0x00, 0x00, 0x00, 0x00, 0x00,
  0x00, 0x00, 0x00, 0x00, 0x00, 0x00, 0x00, 0x00, 0x00, 0x00, 0x00, 0x00,
  0x00, 0x00, 0x00, 0x00, 0x00, 0x00, 0x00, 0x00, 0x00, 0x00, 0x00, 0x00,
  0x00, 0x00, 0x00, 0x00, 0x00, 0x00, 0x00, 0x00, 0x00, 0x00, 0x00, 0x00,
  0x00, 0x00, 0x00, 0x00, 0x00, 0x00, 0x00, 0x00, 0x00, 0x00, 0x00, 0x00,
  0x00, 0x00, 0x00, 0x00, 0x00, 0x00, 0x00, 0x00, 0x00, 0x00, 0x00, 0x00,
  0x00, 0x00, 0x00, 0x00, 0x00, 0x00, 0x00, 0x00, 0x00, 0x00, 0x00, 0x00,
  0x00, 0x00, 0x00, 0x00, 0x00, 0x00, 0x00, 0x00, 0x00, 0x00, 0x00, 0x00,
  0x00, 0x00, 0x00, 0x00, 0x00, 0x00, 0x00, 0x00, 0x00, 0x00, 0x00, 0x00,
  0x00, 0x00, 0x00, 0x00, 0x00, 0x00, 0x00, 0x00, 0x00, 0x00, 0x00, 0x00,
  0x00, 0x00, 0x00, 0x00, 0x00, 0x00, 0x00, 0x00, 0x00, 0x00, 0x00, 0x00,
  0x20, 0x00, 0x00, 0x00, 0xfd, 0x2e, 0x87, 0x39, 0xdb, 0x1d, 0x44, 0x39,
  0xee, 0x1f, 0x48, 0x39, 0x44, 0x18, 0x36, 0x39, 0x1e, 0x86, 0x96, 0x39,
  0x8d, 0x15, 0x6d, 0x39, 0x14, 0x01, 0x30, 0x39, 0xce, 0xb9, 0x5f, 0x39,
  0xa8, 0x88, 0x84, 0x39, 0xda, 0x05, 0x46, 0x39, 0xf2, 0x00, 0x46, 0x39,
  0xf9, 0xae, 0x4e, 0x39, 0xae, 0x20, 0x1c, 0x39, 0xe4, 0xc7, 0x3b, 0x39,
  0x90, 0x44, 0x3a, 0x39, 0x59, 0x20, 0x1b, 0x39, 0xa8, 0x49, 0x55, 0x39,
  0xa3, 0xa5, 0x55, 0x39, 0x5f, 0xdb, 0x77, 0x39, 0x3a, 0x4d, 0x2f, 0x39,
  0xea, 0xb0, 0x4a, 0x39, 0x2a, 0x4e, 0x6a, 0x39, 0x85, 0x1b, 0x11, 0x39,
  0x6d, 0x0d, 0x57, 0x39, 0xb5, 0x2b, 0x22, 0x39, 0xd4, 0xfb, 0x35, 0x39,
  0x0e, 0x47, 0x4c, 0x39, 0xcf, 0xa9, 0x6d, 0x39, 0x24, 0xff, 0x58, 0x39,
  0x25, 0x7f, 0x85, 0x39, 0xe8, 0x39, 0x66, 0x39, 0x55, 0xba, 0x6e, 0x39,
  0x15, 0x01, 0x00, 0x00, 0x66, 0x75, 0x6e, 0x63, 0x74, 0x69, 0x6f, 0x6e,
  0x61, 0x6c, 0x5f, 0x31, 0x2f, 0x72, 0x65, 0x5f, 0x6c, 0x75, 0x5f, 0x31,
  0x5f, 0x32, 0x2f, 0x52, 0x65, 0x6c, 0x75, 0x3b, 0x66, 0x75, 0x6e, 0x63,
  0x74, 0x69, 0x6f, 0x6e, 0x61, 0x6c, 0x5f, 0x31, 0x2f, 0x62, 0x61, 0x74,
  0x63, 0x68, 0x5f, 0x6e, 0x6f, 0x72, 0x6d, 0x61, 0x6c, 0x69, 0x7a, 0x61,
  0x74, 0x69, 0x6f, 0x6e, 0x5f, 0x31, 0x5f, 0x32, 0x2f, 0x62, 0x61, 0x74,
  0x63, 0x68, 0x6e, 0x6f, 0x72, 0x6d, 0x2f, 0x61, 0x64, 0x64, 0x5f, 0x31,
  0x3b, 0x66, 0x75, 0x6e, 0x63, 0x74, 0x69, 0x6f, 0x6e, 0x61, 0x6c, 0x5f,
  0x31, 0x2f, 0x62, 0x61, 0x74, 0x63, 0x68, 0x5f, 0x6e, 0x6f, 0x72, 0x6d,
  0x61, 0x6c, 0x69, 0x7a, 0x61, 0x74, 0x69, 0x6f, 0x6e, 0x5f, 0x31, 0x5f,
  0x32, 0x2f, 0x62, 0x61, 0x74, 0x63, 0x68, 0x6e, 0x6f, 0x72, 0x6d, 0x2f,
  0x6d, 0x75, 0x6c, 0x5f, 0x31, 0x3b, 0x66, 0x75, 0x6e, 0x63, 0x74, 0x69,
  0x6f, 0x6e, 0x61, 0x6c, 0x5f, 0x31, 0x2f, 0x64, 0x65, 0x70, 0x74, 0x68,
  0x77, 0x69, 0x73, 0x65, 0x5f, 0x63, 0x6f, 0x6e, 0x76, 0x32, 0x64, 0x5f,
  0x31, 0x2f, 0x64, 0x65, 0x70, 0x74, 0x68, 0x77, 0x69, 0x73, 0x65, 0x3b,
  0x66, 0x75, 0x6e, 0x63, 0x74, 0x69, 0x6f, 0x6e, 0x61, 0x6c, 0x5f, 0x31,
  0x2f, 0x62, 0x61, 0x74, 0x63, 0x68, 0x5f, 0x6e, 0x6f, 0x72, 0x6d, 0x61,
  0x6c, 0x69, 0x7a, 0x61, 0x74, 0x69, 0x6f, 0x6e, 0x5f, 0x31, 0x5f, 0x32,
  0x2f, 0x62, 0x61, 0x74, 0x63, 0x68, 0x6e, 0x6f, 0x72, 0x6d, 0x2f, 0x6d,
  0x75, 0x6c, 0x3b, 0x66, 0x75, 0x6e, 0x63, 0x74, 0x69, 0x6f, 0x6e, 0x61,
  0x6c, 0x5f, 0x31, 0x2f, 0x62, 0x61, 0x74, 0x63, 0x68, 0x5f, 0x6e, 0x6f,
  0x72, 0x6d, 0x61, 0x6c, 0x69, 0x7a, 0x61, 0x74, 0x69, 0x6f, 0x6e, 0x5f,
  0x31, 0x5f, 0x32, 0x2f, 0x62, 0x61, 0x74, 0x63, 0x68, 0x6e, 0x6f, 0x72,
  0x6d, 0x2f, 0x73, 0x75, 0x62, 0x00, 0x00, 0x00, 0x01, 0x00, 0x00, 0x00,
  0x20, 0x00, 0x00, 0x00, 0xc2, 0xdd, 0xff, 0xff, 0x00, 0x00, 0x00, 0x01,
  0x14, 0x00, 0x00, 0x00, 0xa8, 0x01, 0x00, 0x00, 0x12, 0x00, 0x00, 0x00,
  0x00, 0x00, 0x00, 0x09, 0xc4, 0x01, 0x00, 0x00, 0x0c, 0xdd, 0xff, 0xff,
  0x08, 0x00, 0x00, 0x00, 0x0c, 0x01, 0x00, 0x00, 0x20, 0x00, 0x00, 0x00,
  0x00, 0x00, 0x00, 0x00, 0x00, 0x00, 0x00, 0x00, 0x00, 0x00, 0x00, 0x00,
  0x00, 0x00, 0x00, 0x00, 0x00, 0x00, 0x00, 0x00, 0x00, 0x00, 0x00, 0x00,
  0x00, 0x00, 0x00, 0x00, 0x00, 0x00, 0x00, 0x00, 0x00, 0x00, 0x00, 0x00,
  0x00, 0x00, 0x00, 0x00, 0x00, 0x00, 0x00, 0x00, 0x00, 0x00, 0x00, 0x00,
  0x00, 0x00, 0x00, 0x00, 0x00, 0x00, 0x00, 0x00, 0x00, 0x00, 0x00, 0x00,
  0x00, 0x00, 0x00, 0x00, 0x00, 0x00, 0x00, 0x00, 0x00, 0x00, 0x00, 0x00,
  0x00, 0x00, 0x00, 0x00, 0x00, 0x00, 0x00, 0x00, 0x00, 0x00, 0x00, 0x00,
  0x00, 0x00, 0x00, 0x00, 0x00, 0x00, 0x00, 0x00, 0x00, 0x00, 0x00, 0x00,
  0x00, 0x00, 0x00, 0x00, 0x00, 0x00, 0x00, 0x00, 0x00, 0x00, 0x00, 0x00,
  0x00, 0x00, 0x00, 0x00, 0x00, 0x00, 0x00, 0x00, 0x00, 0x00, 0x00, 0x00,
  0x00, 0x00, 0x00, 0x00, 0x00, 0x00, 0x00, 0x00, 0x00, 0x00, 0x00, 0x00,
  0x00, 0x00, 0x00, 0x00, 0x00, 0x00, 0x00, 0x00, 0x00, 0x00, 0x00, 0x00,
  0x00, 0x00, 0x00, 0x00, 0x00, 0x00, 0x00, 0x00, 0x00, 0x00, 0x00, 0x00,
  0x00, 0x00, 0x00, 0x00, 0x00, 0x00, 0x00, 0x00, 0x00, 0x00, 0x00, 0x00,
  0x00, 0x00, 0x00, 0x00, 0x00, 0x00, 0x00, 0x00, 0x00, 0x00, 0x00, 0x00,
  0x00, 0x00, 0x00, 0x00, 0x00, 0x00, 0x00, 0x00, 0x00, 0x00, 0x00, 0x00,
  0x00, 0x00, 0x00, 0x00, 0x00, 0x00, 0x00, 0x00, 0x00, 0x00, 0x00, 0x00,
  0x00, 0x00, 0x00, 0x00, 0x00, 0x00, 0x00, 0x00, 0x00, 0x00, 0x00, 0x00,
  0x00, 0x00, 0x00, 0x00, 0x00, 0x00, 0x00, 0x00, 0x00, 0x00, 0x00, 0x00,
  0x00, 0x00, 0x00, 0x00, 0x00, 0x00, 0x00, 0x00, 0x00, 0x00, 0x00, 0x00,
  0x00, 0x00, 0x00, 0x00, 0x00, 0x00, 0x00, 0x00, 0x00, 0x00, 0x00, 0x00,
  0x00, 0x00, 0x00, 0x00, 0x00, 0x00, 0x00, 0x00, 0x20, 0x00, 0x00, 0x00,
  0x4b, 0x2b, 0x91, 0x3b, 0xe7, 0xe8, 0x9b, 0x3b, 0x5f, 0x34, 0x55, 0x3b,
  0xe7, 0xf5, 0x8f, 0x3b, 0x64, 0x9b, 0x8d, 0x3b, 0x53, 0x1c, 0x83, 0x3b,
  0x48, 0xe7, 0x4c, 0x3b, 0xb2, 0xd4, 0x45, 0x3b, 0xfb, 0x0b, 0x7e, 0x3b,
  0x01, 0x66, 0x82, 0x3b, 0x24, 0x4f, 0x4b, 0x3b, 0xdb, 0x9e, 0x88, 0x3b,
  0x24, 0x05, 0x86, 0x3b, 0xb6, 0xdd, 0x7f, 0x3b, 0x05, 0xba, 0xa5, 0x3b,
  0x82, 0x2c, 0x97, 0x3b, 0xa4, 0x9d, 0x7f, 0x3b, 0xcc, 0x20, 0x8a, 0x3b,
  0xa0, 0x82, 0x62, 0x3b, 0x1d, 0x53, 0x56, 0x3b, 0xa4, 0xbb, 0xa6, 0x3b,
  0x8b, 0x7b, 0x83, 0x3b, 0xbc, 0x63, 0x7a, 0x3b, 0x9f, 0x2d, 0x56, 0x3b,
  0x21, 0x4b, 0x7a, 0x3b, 0x71, 0xe9, 0x65, 0x3b, 0x21, 0xc9, 0x82, 0x3b,
  0xe1, 0x64, 0x99, 0x3b, 0xef, 0xbd, 0x96, 0x3b, 0x90, 0x2a, 0x99, 0x3b,
  0xbb, 0x52, 0x6b, 0x3b, 0xfa, 0xc4, 0x4d, 0x3b, 0x23, 0x00, 0x00, 0x00,
  0x66, 0x75, 0x6e, 0x63, 0x74, 0x69, 0x6f, 0x6e, 0x61, 0x6c, 0x5f, 0x31,
  0x2f, 0x63, 0x6f, 0x6e, 0x76, 0x32, 0x64, 0x5f, 0x31, 0x5f, 0x32, 0x2f,
  0x63, 0x6f, 0x6e, 0x76, 0x6f, 0x6c, 0x75, 0x74, 0x69, 0x6f, 0x6e, 0x00,
  0x04, 0x00, 0x00, 0x00, 0x20, 0x00, 0x00, 0x00, 0x01, 0x00, 0x00, 0x00,
  0x01, 0x00, 0x00, 0x00, 0x20, 0x00, 0x00, 0x00, 0xb2, 0xdf, 0xff, 0xff,
  0x00, 0x00, 0x00, 0x01, 0x14, 0x00, 0x00, 0x00, 0xa4, 0x01, 0x00, 0x00,
  0x11, 0x00, 0x00, 0x00, 0x00, 0x00, 0x00, 0x02, 0x44, 0x02, 0x00, 0x00,
  0xfc, 0xde, 0xff, 0xff, 0x08, 0x00, 0x00, 0x00, 0x08, 0x01, 0x00, 0x00,
  0x20, 0x00, 0x00, 0x00, 0x00, 0x00, 0x00, 0x00, 0x00, 0x00, 0x00, 0x00,
  0x00, 0x00, 0x00, 0x00, 0x00, 0x00, 0x00, 0x00, 0x00, 0x00, 0x00, 0x00,
  0x00, 0x00, 0x00, 0x00, 0x00, 0x00, 0x00, 0x00, 0x00, 0x00, 0x00, 0x00,
  0x00, 0x00, 0x00, 0x00, 0x00, 0x00, 0x00, 0x00, 0x00, 0x00, 0x00, 0x00,
  0x00, 0x00, 0x00, 0x00, 0x00, 0x00, 0x00, 0x00, 0x00, 0x00, 0x00, 0x00,
  0x00, 0x00, 0x00, 0x00, 0x00, 0x00, 0x00, 0x00, 0x00, 0x00, 0x00, 0x00,
  0x00, 0x00, 0x00, 0x00, 0x00, 0x00, 0x00, 0x00, 0x00, 0x00, 0x00, 0x00,
  0x00, 0x00, 0x00, 0x00, 0x00, 0x00, 0x00, 0x00, 0x00, 0x00, 0x00, 0x00,
  0x00, 0x00, 0x00, 0x00, 0x00, 0x00, 0x00, 0x00, 0x00, 0x00, 0x00, 0x00,
  0x00, 0x00, 0x00, 0x00, 0x00, 0x00, 0x00, 0x00, 0x00, 0x00, 0x00, 0x00,
  0x00, 0x00, 0x00, 0x00, 0x00, 0x00, 0x00, 0x00, 0x00, 0x00, 0x00, 0x00,
  0x00, 0x00, 0x00, 0x00, 0x00, 0x00, 0x00, 0x00, 0x00, 0x00, 0x00, 0x00,
  0x00, 0x00, 0x00, 0x00, 0x00, 0x00, 0x00, 0x00, 0x00, 0x00, 0x00, 0x00,
  0x00, 0x00, 0x00, 0x00, 0x00, 0x00, 0x00, 0x00, 0x00, 0x00, 0x00, 0x00,
  0x00, 0x00, 0x00, 0x00, 0x00, 0x00, 0x00, 0x00, 0x00, 0x00, 0x00, 0x00,
  0x00, 0x00, 0x00, 0x00, 0x00, 0x00, 0x00, 0x00, 0x00, 0x00, 0x00, 0x00,
  0x00, 0x00, 0x00, 0x00, 0x00, 0x00, 0x00, 0x00, 0x00, 0x00, 0x00, 0x00,
  0x00, 0x00, 0x00, 0x00, 0x00, 0x00, 0x00, 0x00, 0x00, 0x00, 0x00, 0x00,
  0x00, 0x00, 0x00, 0x00, 0x00, 0x00, 0x00, 0x00, 0x00, 0x00, 0x00, 0x00,
  0x00, 0x00, 0x00, 0x00, 0x00, 0x00, 0x00, 0x00, 0x00, 0x00, 0x00, 0x00,
  0x00, 0x00, 0x00, 0x00, 0x00, 0x00, 0x00, 0x00, 0x00, 0x00, 0x00, 0x00,
  0x00, 0x00, 0x00, 0x00, 0x00, 0x00, 0x00, 0x00, 0x20, 0x00, 0x00, 0x00,
  0xa7, 0x52, 0x25, 0x39, 0xfd, 0x8d, 0x31, 0x39, 0xbc, 0xcd, 0xf2, 0x38,
  0x4f, 0xf2, 0x23, 0x39, 0x27, 0x44, 0x21, 0x39, 0x0b, 0x50, 0x15, 0x39,
  0x9f, 0x59, 0xe9, 0x38, 0xac, 0x4b, 0xe1, 0x38, 0x72, 0xa8, 0x10, 0x39,
  0x69, 0x80, 0x14, 0x39, 0xd1, 0x88, 0xe7, 0x38, 0x65, 0x96, 0x1b, 0x39,
  0x43, 0xa0, 0x18, 0x39, 0xa4, 0xb1, 0x11, 0x39, 0x00, 0xbc, 0x3c, 0x39,
  0x47, 0x29, 0x2c, 0x39, 0x28, 0x8d, 0x11, 0x39, 0xeb, 0x4d, 0x1d, 0x39,
  0x70, 0xfa, 0x00, 0x39, 0x49, 0x14, 0xf4, 0x38, 0x63, 0xe1, 0x3d, 0x39,
  0x7b, 0xbc, 0x15, 0x39, 0x55, 0x93, 0x0e, 0x39, 0x97, 0xe9, 0xf3, 0x38,
  0x53, 0x85, 0x0e, 0x39, 0x4b, 0xea, 0x02, 0x39, 0x4c, 0xf1, 0x14, 0x39,
  0x8e, 0xb0, 0x2e, 0x39, 0x5b, 0xab, 0x2b, 0x39, 0x25, 0x6e, 0x2e, 0x39,
  0x19, 0xff, 0x05, 0x39, 0x18, 0x56, 0xea, 0x38, 0xa7, 0x00, 0x00, 0x00,
  0x66, 0x75, 0x6e, 0x63, 0x74, 0x69, 0x6f, 0x6e, 0x61, 0x6c, 0x5f, 0x31,
  0x2f, 0x72, 0x65, 0x5f, 0x6c, 0x75, 0x5f, 0x32, 0x5f, 0x31, 0x2f, 0x52,
  0x65, 0x6c, 0x75, 0x3b, 0x66, 0x75, 0x6e, 0x63, 0x74, 0x69, 0x6f, 0x6e,
  0x61, 0x6c, 0x5f, 0x31, 0x2f, 0x62, 0x61, 0x74, 0x63, 0x68, 0x5f, 0x6e,
  0x6f, 0x72, 0x6d, 0x61, 0x6c, 0x69, 0x7a, 0x61, 0x74, 0x69, 0x6f, 0x6e,
  0x5f, 0x32, 0x5f, 0x31, 0x2f, 0x62, 0x61, 0x74, 0x63, 0x68, 0x6e, 0x6f,
  0x72, 0x6d, 0x2f, 0x61, 0x64, 0x64, 0x5f, 0x31, 0x3b, 0x66, 0x75, 0x6e,
  0x63, 0x74, 0x69, 0x6f, 0x6e, 0x61, 0x6c, 0x5f, 0x31, 0x2f, 0x63, 0x6f,
  0x6e, 0x76, 0x32, 0x64, 0x5f, 0x31, 0x5f, 0x32, 0x2f, 0x63, 0x6f, 0x6e,
  0x76, 0x6f, 0x6c, 0x75, 0x74, 0x69, 0x6f, 0x6e, 0x3b, 0x66, 0x75, 0x6e,
  0x63, 0x74, 0x69, 0x6f, 0x6e, 0x61, 0x6c, 0x5f, 0x31, 0x2f, 0x62, 0x61,
  0x74, 0x63, 0x68, 0x5f, 0x6e, 0x6f, 0x72, 0x6d, 0x61, 0x6c, 0x69, 0x7a,
  0x61, 0x74, 0x69, 0x6f, 0x6e, 0x5f, 0x32, 0x5f, 0x31, 0x2f, 0x62, 0x61,
  0x74, 0x63, 0x68, 0x6e, 0x6f, 0x72, 0x6d, 0x2f, 0x73, 0x75, 0x62, 0x00,
  0x01, 0x00, 0x00, 0x00, 0x20, 0x00, 0x00, 0x00, 0x16, 0xe2, 0xff, 0xff,
  0x00, 0x00, 0x00, 0x01, 0x14, 0x00, 0x00, 0x00, 0xac, 0x01, 0x00, 0x00,
  0x10, 0x00, 0x00, 0x00, 0x00, 0x00, 0x00, 0x09, 0x38, 0x02, 0x00, 0x00,
  0xc2, 0xec, 0xff, 0xff, 0x03, 0x00, 0x00, 0x00, 0x08, 0x00, 0x00, 0x00,
  0x0c, 0x01, 0x00, 0x00, 0x20, 0x00, 0x00, 0x00, 0x00, 0x00, 0x00, 0x00,
  0x00, 0x00, 0x00, 0x00, 0x00, 0x00, 0x00, 0x00, 0x00, 0x00, 0x00, 0x00,
  0x00, 0x00, 0x00, 0x00, 0x00, 0x00, 0x00, 0x00, 0x00, 0x00, 0x00, 0x00,
  0x00, 0x00, 0x00, 0x00, 0x00, 0x00, 0x00, 0x00, 0x00, 0x00, 0x00, 0x00,
  0x00, 0x00, 0x00, 0x00, 0x00, 0x00, 0x00, 0x00, 0x00, 0x00, 0x00, 0x00,
  0x00, 0x00, 0x00, 0x00, 0x00, 0x00, 0x00, 0x00, 0x00, 0x00, 0x00, 0x00,
  0x00, 0x00, 0x00, 0x00, 0x00, 0x00, 0x00, 0x00, 0x00, 0x00, 0x00, 0x00,
  0x00, 0x00, 0x00, 0x00, 0x00, 0x00, 0x00, 0x00, 0x00, 0x00, 0x00, 0x00,
  0x00, 0x00, 0x00, 0x00, 0x00, 0x00, 0x00, 0x00, 0x00, 0x00, 0x00, 0x00,
  0x00, 0x00, 0x00, 0x00, 0x00, 0x00, 0x00, 0x00, 0x00, 0x00, 0x00, 0x00,
  0x00, 0x00, 0x00, 0x00, 0x00, 0x00, 0x00, 0x00, 0x00, 0x00, 0x00, 0x00,
  0x00, 0x00, 0x00, 0x00, 0x00, 0x00, 0x00, 0x00, 0x00, 0x00, 0x00, 0x00,
  0x00, 0x00, 0x00, 0x00, 0x00, 0x00, 0x00, 0x00, 0x00, 0x00, 0x00, 0x00,
  0x00, 0x00, 0x00, 0x00, 0x00, 0x00, 0x00, 0x00, 0x00, 0x00, 0x00, 0x00,
  0x00, 0x00, 0x00, 0x00, 0x00, 0x00, 0x00, 0x00, 0x00, 0x00, 0x00, 0x00,
  0x00, 0x00, 0x00, 0x00, 0x00, 0x00, 0x00, 0x00, 0x00, 0x00, 0x00, 0x00,
  0x00, 0x00, 0x00, 0x00, 0x00, 0x00, 0x00, 0x00, 0x00, 0x00, 0x00, 0x00,
  0x00, 0x00, 0x00, 0x00, 0x00, 0x00, 0x00, 0x00, 0x00, 0x00, 0x00, 0x00,
  0x00, 0x00, 0x00, 0x00, 0x00, 0x00, 0x00, 0x00, 0x00, 0x00, 0x00, 0x00,
  0x00, 0x00, 0x00, 0x00, 0x00, 0x00, 0x00, 0x00, 0x00, 0x00, 0x00, 0x00,
  0x00, 0x00, 0x00, 0x00, 0x00, 0x00, 0x00, 0x00, 0x00, 0x00, 0x00, 0x00,
  0x00, 0x00, 0x00, 0x00, 0x00, 0x00, 0x00, 0x00, 0x00, 0x00, 0x00, 0x00,
  0x00, 0x00, 0x00, 0x00, 0x20, 0x00, 0x00, 0x00, 0x2e, 0xe7, 0x04, 0x3c,
  0x86, 0x1f, 0xe0, 0x3b, 0x01, 0x5e, 0xf7, 0x3b, 0x07, 0x57, 0x0f, 0x3c,
  0xa0, 0xce, 0xdf, 0x3b, 0xe8, 0x27, 0xf1, 0x3b, 0xfe, 0xf4, 0x93, 0x3b,
  0x80, 0x41, 0x22, 0x3c, 0x18, 0x52, 0x1f, 0x3c, 0x85, 0x35, 0xc3, 0x3b,
  0x3b, 0x49, 0x51, 0x3c, 0x8f, 0xf0, 0xcf, 0x3b, 0x31, 0xfa, 0xf3, 0x3b,
  0x74, 0x81, 0xb7, 0x3b, 0x07, 0xec, 0x9c, 0x3b, 0x42, 0x0f, 0xbb, 0x3b,
  0x1f, 0x29, 0xd2, 0x3b, 0xa3, 0x36, 0x18, 0x3c, 0x18, 0xf9, 0xfd, 0x3b,
  0x13, 0xf0, 0x35, 0x3c, 0x5e, 0xa9, 0xee, 0x3b, 0xb5, 0xe4, 0xe4, 0x3b,
  0x25, 0xc2, 0x4b, 0x3c, 0xea, 0x90, 0x1c, 0x3c, 0x32, 0x88, 0x5d, 0x3c,
  0xb7, 0x68, 0x59, 0x3c, 0xb7, 0x67, 0x11, 0x3c, 0x5e, 0x48, 0x9d, 0x3b,
  0x5b, 0x6e, 0xd6, 0x3b, 0x4a, 0xb6, 0xee, 0x3b, 0x7b, 0x26, 0xf4, 0x3b,
  0x78, 0x36, 0xf1, 0x3b, 0x93, 0x00, 0x00, 0x00, 0x66, 0x75, 0x6e, 0x63,
  0x74, 0x69, 0x6f, 0x6e, 0x61, 0x6c, 0x5f, 0x31, 0x2f, 0x62, 0x61, 0x74,
  0x63, 0x68, 0x5f, 0x6e, 0x6f, 0x72, 0x6d, 0x61, 0x6c, 0x69, 0x7a, 0x61,
  0x74, 0x69, 0x6f, 0x6e, 0x5f, 0x33, 0x5f, 0x31, 0x2f, 0x62, 0x61, 0x74,
  0x63, 0x68, 0x6e, 0x6f, 0x72, 0x6d, 0x2f, 0x6d, 0x75, 0x6c, 0x5f, 0x31,
  0x3b, 0x66, 0x75, 0x6e, 0x63, 0x74, 0x69, 0x6f, 0x6e, 0x61, 0x6c, 0x5f,
  0x31, 0x2f, 0x64, 0x65, 0x70, 0x74, 0x68, 0x77, 0x69, 0x73, 0x65, 0x5f,
  0x63, 0x6f, 0x6e, 0x76, 0x32, 0x64, 0x5f, 0x31, 0x5f, 0x32, 0x2f, 0x64,
  0x65, 0x70, 0x74, 0x68, 0x77, 0x69, 0x73, 0x65, 0x3b, 0x66, 0x75, 0x6e,
  0x63, 0x74, 0x69, 0x6f, 0x6e, 0x61, 0x6c, 0x5f, 0x31, 0x2f, 0x62, 0x61,
  0x74, 0x63, 0x68, 0x5f, 0x6e, 0x6f, 0x72, 0x6d, 0x61, 0x6c, 0x69, 0x7a,
  0x61, 0x74, 0x69, 0x6f, 0x6e, 0x5f, 0x33, 0x5f, 0x31, 0x2f, 0x62, 0x61,
  0x74, 0x63, 0x68, 0x6e, 0x6f, 0x72, 0x6d, 0x2f, 0x6d, 0x75, 0x6c, 0x00,
  0x04, 0x00, 0x00, 0x00, 0x01, 0x00, 0x00, 0x00, 0x03, 0x00, 0x00, 0x00,
  0x03, 0x00, 0x00, 0x00, 0x20, 0x00, 0x00, 0x00, 0x7a, 0xe4, 0xff, 0xff,
  0x00, 0x00, 0x00, 0x01, 0x14, 0x00, 0x00, 0x00, 0xa8, 0x01, 0x00, 0x00,
  0x0f, 0x00, 0x00, 0x00, 0x00, 0x00, 0x00, 0x02, 0xb8, 0x02, 0x00, 0x00,
  0xc4, 0xe3, 0xff, 0xff, 0x08, 0x00, 0x00, 0x00, 0x0c, 0x01, 0x00, 0x00,
  0x20, 0x00, 0x00, 0x00, 0x00, 0x00, 0x00, 0x00, 0x00, 0x00, 0x00, 0x00,
  0x00, 0x00, 0x00, 0x00, 0x00, 0x00, 0x00, 0x00, 0x00, 0x00, 0x00, 0x00,
  0x00, 0x00, 0x00, 0x00, 0x00, 0x00, 0x00, 0x00, 0x00, 0x00, 0x00, 0x00,
  0x00, 0x00, 0x00, 0x00, 0x00, 0x00, 0x00, 0x00, 0x00, 0x00, 0x00, 0x00,
  0x00, 0x00, 0x00, 0x00, 0x00, 0x00, 0x00, 0x00, 0x00, 0x00, 0x00, 0x00,
  0x00, 0x00, 0x00, 0x00, 0x00, 0x00, 0x00, 0x00, 0x00, 0x00, 0x00, 0x00,
  0x00, 0x00, 0x00, 0x00, 0x00, 0x00, 0x00, 0x00, 0x00, 0x00, 0x00, 0x00,
  0x00, 0x00, 0x00, 0x00, 0x00, 0x00, 0x00, 0x00, 0x00, 0x00, 0x00, 0x00,
  0x00, 0x00, 0x00, 0x00, 0x00, 0x00, 0x00, 0x00, 0x00, 0x00, 0x00, 0x00,
  0x00, 0x00, 0x00, 0x00, 0x00, 0x00, 0x00, 0x00, 0x00, 0x00, 0x00, 0x00,
  0x00, 0x00, 0x00, 0x00, 0x00, 0x00, 0x00, 0x00, 0x00, 0x00, 0x00, 0x00,
  0x00, 0x00, 0x00, 0x00, 0x00, 0x00, 0x00, 0x00, 0x00, 0x00, 0x00, 0x00,
  0x00, 0x00, 0x00, 0x00, 0x00, 0x00, 0x00, 0x00, 0x00, 0x00, 0x00, 0x00,
  0x00, 0x00, 0x00, 0x00, 0x00, 0x00, 0x00, 0x00, 0x00, 0x00, 0x00, 0x00,
  0x00, 0x00, 0x00, 0x00, 0x00, 0x00, 0x00, 0x00, 0x00, 0x00, 0x00, 0x00,
  0x00, 0x00, 0x00, 0x00, 0x00, 0x00, 0x00, 0x00, 0x00, 0x00, 0x00, 0x00,
  0x00, 0x00, 0x00, 0x00, 0x00, 0x00, 0x00, 0x00, 0x00, 0x00, 0x00, 0x00,
  0x00, 0x00, 0x00, 0x00, 0x00, 0x00, 0x00, 0x00, 0x00, 0x00, 0x00, 0x00,
  0x00, 0x00, 0x00, 0x00, 0x00, 0x00, 0x00, 0x00, 0x00, 0x00, 0x00, 0x00,
  0x00, 0x00, 0x00, 0x00, 0x00, 0x00, 0x00, 0x00, 0x00, 0x00, 0x00, 0x00,
  0x00, 0x00, 0x00, 0x00, 0x00, 0x00, 0x00, 0x00, 0x00, 0x00, 0x00, 0x00,
  0x00, 0x00, 0x00, 0x00, 0x00, 0x00, 0x00, 0x00, 0x00, 0x00, 0x00, 0x00,
  0x20, 0x00, 0x00, 0x00, 0xeb, 0x81, 0x8a, 0x39, 0x05, 0x93, 0x69, 0x39,
  0x37, 0xe6, 0x80, 0x39, 0x70, 0x62, 0x95, 0x39, 0xb5, 0x3e, 0x69, 0x39,
  0x47, 0x53, 0x7b, 0x39, 0x3f, 0x32, 0x1a, 0x39, 0x1d, 0x19, 0xa9, 0x39,
  0x05, 0x0a, 0xa6, 0x39, 0xe0, 0x70, 0x4b, 0x39, 0x8e, 0x1c, 0xda, 0x39,
  0x59, 0xb5, 0x58, 0x39, 0x05, 0x44, 0x7e, 0x39, 0x77, 0x3e, 0x3f, 0x39,
  0x0f, 0x8a, 0x23, 0x39, 0xa3, 0xf2, 0x42, 0x39, 0xe3, 0x05, 0x5b, 0x39,
  0xd7, 0xa1, 0x9e, 0x39, 0x6a, 0x57, 0x84, 0x39, 0x29, 0x9c, 0xbd, 0x39,
  0xcf, 0xb9, 0x78, 0x39, 0xb3, 0x8b, 0x6e, 0x39, 0xcb, 0x59, 0xd4, 0x39,
  0x1b, 0x2b, 0xa3, 0x39, 0xb8, 0xdf, 0xe6, 0x39, 0xba, 0x93, 0xe2, 0x39,
  0x6b, 0x89, 0x97, 0x39, 0x4b, 0xea, 0x23, 0x39, 0x38, 0x79, 0x5f, 0x39,
  0x47, 0xc7, 0x78, 0x39, 0x2d, 0x72, 0x7e, 0x39, 0x74, 0x62, 0x7b, 0x39,
  0x17, 0x01, 0x00, 0x00, 0x66, 0x75, 0x6e, 0x63, 0x74, 0x69, 0x6f, 0x6e,
  0x61, 0x6c, 0x5f, 0x31, 0x2f, 0x72, 0x65, 0x5f, 0x6c, 0x75, 0x5f, 0x33,
  0x5f, 0x31, 0x2f, 0x52, 0x65, 0x6c, 0x75, 0x3b, 0x66, 0x75, 0x6e, 0x63,
  0x74, 0x69, 0x6f, 0x6e, 0x61, 0x6c, 0x5f, 0x31, 0x2f, 0x62, 0x61, 0x74,
  0x63, 0x68, 0x5f, 0x6e, 0x6f, 0x72, 0x6d, 0x61, 0x6c, 0x69, 0x7a, 0x61,
  0x74, 0x69, 0x6f, 0x6e, 0x5f, 0x33, 0x5f, 0x31, 0x2f, 0x62, 0x61, 0x74,
  0x63, 0x68, 0x6e, 0x6f, 0x72, 0x6d, 0x2f, 0x61, 0x64, 0x64, 0x5f, 0x31,
  0x3b, 0x66, 0x75, 0x6e, 0x63, 0x74, 0x69, 0x6f, 0x6e, 0x61, 0x6c, 0x5f,
  0x31, 0x2f, 0x62, 0x61, 0x74, 0x63, 0x68, 0x5f, 0x6e, 0x6f, 0x72, 0x6d,
  0x61, 0x6c, 0x69, 0x7a, 0x61, 0x74, 0x69, 0x6f, 0x6e, 0x5f, 0x33, 0x5f,
  0x31, 0x2f, 0x62, 0x61, 0x74, 0x63, 0x68, 0x6e, 0x6f, 0x72, 0x6d, 0x2f,
  0x6d, 0x75, 0x6c, 0x5f, 0x31, 0x3b, 0x66, 0x75, 0x6e, 0x63, 0x74, 0x69,
  0x6f, 0x6e, 0x61, 0x6c, 0x5f, 0x31, 0x2f, 0x64, 0x65, 0x70, 0x74, 0x68,
  0x77, 0x69, 0x73, 0x65, 0x5f, 0x63, 0x6f, 0x6e, 0x76, 0x32, 0x64, 0x5f,
  0x31, 0x5f, 0x32, 0x2f, 0x64, 0x65, 0x70, 0x74, 0x68, 0x77, 0x69, 0x73,
  0x65, 0x3b, 0x66, 0x75, 0x6e, 0x63, 0x74, 0x69, 0x6f, 0x6e, 0x61, 0x6c,
  0x5f, 0x31, 0x2f, 0x62, 0x61, 0x74, 0x63, 0x68, 0x5f, 0x6e, 0x6f, 0x72,
  0x6d, 0x61, 0x6c, 0x69, 0x7a, 0x61, 0x74, 0x69, 0x6f, 0x6e, 0x5f, 0x33,
  0x5f, 0x31, 0x2f, 0x62, 0x61, 0x74, 0x63, 0x68, 0x6e, 0x6f, 0x72, 0x6d,
  0x2f, 0x6d, 0x75, 0x6c, 0x3b, 0x66, 0x75, 0x6e, 0x63, 0x74, 0x69, 0x6f,
  0x6e, 0x61, 0x6c, 0x5f, 0x31, 0x2f, 0x62, 0x61, 0x74, 0x63, 0x68, 0x5f,
  0x6e, 0x6f, 0x72, 0x6d, 0x61, 0x6c, 0x69, 0x7a, 0x61, 0x74, 0x69, 0x6f,
  0x6e, 0x5f, 0x33, 0x5f, 0x31, 0x2f, 0x62, 0x61, 0x74, 0x63, 0x68, 0x6e,
  0x6f, 0x72, 0x6d, 0x2f, 0x73, 0x75, 0x62, 0x00, 0x01, 0x00, 0x00, 0x00,
  0x20, 0x00, 0x00, 0x00, 0x52, 0xe7, 0xff, 0xff, 0x00, 0x00, 0x00, 0x01,
  0x14, 0x00, 0x00, 0x00, 0xa8, 0x01, 0x00, 0x00, 0x0e, 0x00, 0x00, 0x00,
  0x00, 0x00, 0x00, 0x09, 0xc4, 0x01, 0x00, 0x00, 0x9c, 0xe6, 0xff, 0xff,
  0x08, 0x00, 0x00, 0x00, 0x0c, 0x01, 0x00, 0x00, 0x20, 0x00, 0x00, 0x00,
  0x00, 0x00, 0x00, 0x00, 0x00, 0x00, 0x00, 0x00, 0x00, 0x00, 0x00, 0x00,
  0x00, 0x00, 0x00, 0x00, 0x00, 0x00, 0x00, 0x00, 0x00, 0x00, 0x00, 0x00,
  0x00, 0x00, 0x00, 0x00, 0x00, 0x00, 0x00, 0x00, 0x00, 0x00, 0x00, 0x00,
  0x00, 0x00, 0x00, 0x00, 0x00, 0x00, 0x00, 0x00, 0x00, 0x00, 0x00, 0x00,
  0x00, 0x00, 0x00, 0x00, 0x00, 0x00, 0x00, 0x00, 0x00, 0x00, 0x00, 0x00,
  0x00, 0x00, 0x00, 0x00, 0x00, 0x00, 0x00, 0x00, 0x00, 0x00, 0x00, 0x00,
  0x00, 0x00, 0x00, 0x00, 0x00, 0x00, 0x00, 0x00, 0x00, 0x00, 0x00, 0x00,
  0x00, 0x00, 0x00, 0x00, 0x00, 0x00, 0x00, 0x00, 0x00, 0x00, 0x00, 0x00,
  0x00, 0x00, 0x00, 0x00, 0x00, 0x00, 0x00, 0x00, 0x00, 0x00, 0x00, 0x00,
  0x00, 0x00, 0x00, 0x00, 0x00, 0x00, 0x00, 0x00, 0x00, 0x00, 0x00, 0x00,
  0x00, 0x00, 0x00, 0x00, 0x00, 0x00, 0x00, 0x00, 0x00, 0x00, 0x00, 0x00,
  0x00, 0x00, 0x00, 0x00, 0x00, 0x00, 0x00, 0x00, 0x00, 0x00, 0x00, 0x00,
  0x00, 0x00, 0x00, 0x00, 0x00, 0x00, 0x00, 0x00, 0x00, 0x00, 0x00, 0x00,
  0x00, 0x00, 0x00, 0x00, 0x00, 0x00, 0x00, 0x00, 0x00, 0x00, 0x00, 0x00,
  0x00, 0x00, 0x00, 0x00, 0x00, 0x00, 0x00, 0x00, 0x00, 0x00, 0x00, 0x00,
  0x00, 0x00, 0x00, 0x00, 0x00, 0x00, 0x00, 0x00, 0x00, 0x00, 0x00, 0x00,
  0x00, 0x00, 0x00, 0x00, 0x00, 0x00, 0x00, 0x00, 0x00, 0x00, 0x00, 0x00,
  0x00, 0x00, 0x00, 0x00, 0x00, 0x00, 0x00, 0x00, 0x00, 0x00, 0x00, 0x00,
  0x00, 0x00, 0x00, 0x00, 0x00, 0x00, 0x00, 0x00, 0x00, 0x00, 0x00, 0x00,
  0x00, 0x00, 0x00, 0x00, 0x00, 0x00, 0x00, 0x00, 0x00, 0x00, 0x00, 0x00,
  0x00, 0x00, 0x00, 0x00, 0x00, 0x00, 0x00, 0x00, 0x00, 0x00, 0x00, 0x00,
  0x00, 0x00, 0x00, 0x00, 0x00, 0x00, 0x00, 0x00, 0x20, 0x00, 0x00, 0x00,
  0x6b, 0x9b, 0x8c, 0x3b, 0xae, 0x21, 0x73, 0x3b, 0xb7, 0xca, 0x82, 0x3b,
  0x5c, 0xde, 0x94, 0x3b, 0x05, 0x52, 0x66, 0x3b, 0xc1, 0x61, 0x6a, 0x3b,
  0x1a, 0xfe, 0x78, 0x3b, 0xc6, 0x75, 0x56, 0x3b, 0x30, 0x19, 0x8a, 0x3b,
  0x5c, 0xd0, 0x90, 0x3b, 0x01, 0x63, 0x69, 0x3b, 0xd6, 0x0f, 0x8b, 0x3b,
  0x04, 0x82, 0x86, 0x3b, 0x8a, 0xc8, 0x36, 0x3b, 0x9c, 0x61, 0xb6, 0x3b,
  0x14, 0xed, 0x94, 0x3b, 0x76, 0x0c, 0x9c, 0x3b, 0x82, 0x9f, 0x74, 0x3b,
  0xe7, 0x19, 0x71, 0x3b, 0xaf, 0xf6, 0x92, 0x3b, 0x89, 0x17, 0x66, 0x3b,
  0x7b, 0x69, 0x39, 0x3b, 0xa4, 0x5b, 0xa8, 0x3b, 0x51, 0xad, 0x9e, 0x3b,
  0x1e, 0xfe, 0x87, 0x3b, 0xc9, 0x64, 0x80, 0x3b, 0x27, 0xab, 0x96, 0x3b,
  0x75, 0xb9, 0x99, 0x3b, 0xb3, 0xc0, 0x95, 0x3b, 0xda, 0xa4, 0x4e, 0x3b,
  0x0d, 0x4b, 0x9c, 0x3b, 0x7f, 0xf4, 0x85, 0x3b, 0x23, 0x00, 0x00, 0x00,
  0x66, 0x75, 0x6e, 0x63, 0x74, 0x69, 0x6f, 0x6e, 0x61, 0x6c, 0x5f, 0x31,
  0x2f, 0x63, 0x6f, 0x6e, 0x76, 0x32, 0x64, 0x5f, 0x32, 0x5f, 0x31, 0x2f,
  0x63, 0x6f, 0x6e, 0x76, 0x6f, 0x6c, 0x75, 0x74, 0x69, 0x6f, 0x6e, 0x00,
  0x04, 0x00, 0x00, 0x00, 0x20, 0x00, 0x00, 0x00, 0x01, 0x00, 0x00, 0x00,
  0x01, 0x00, 0x00, 0x00, 0x20, 0x00, 0x00, 0x00, 0x42, 0xe9, 0xff, 0xff,
  0x00, 0x00, 0x00, 0x01, 0x14, 0x00, 0x00, 0x00, 0xa4, 0x01, 0x00, 0x00,
  0x0d, 0x00, 0x00, 0x00, 0x00, 0x00, 0x00, 0x02, 0x44, 0x02, 0x00, 0x00,
  0x8c, 0xe8, 0xff, 0xff, 0x08, 0x00, 0x00, 0x00, 0x08, 0x01, 0x00, 0x00,
  0x20, 0x00, 0x00, 0x00, 0x00, 0x00, 0x00, 0x00, 0x00, 0x00, 0x00, 0x00,
  0x00, 0x00, 0x00, 0x00, 0x00, 0x00, 0x00, 0x00, 0x00, 0x00, 0x00, 0x00,
  0x00, 0x00, 0x00, 0x00, 0x00, 0x00, 0x00, 0x00, 0x00, 0x00, 0x00, 0x00,
  0x00, 0x00, 0x00, 0x00, 0x00, 0x00, 0x00, 0x00, 0x00, 0x00, 0x00, 0x00,
  0x00, 0x00, 0x00, 0x00, 0x00, 0x00, 0x00, 0x00, 0x00, 0x00, 0x00, 0x00,
  0x00, 0x00, 0x00, 0x00, 0x00, 0x00, 0x00, 0x00, 0x00, 0x00, 0x00, 0x00,
  0x00, 0x00, 0x00, 0x00, 0x00, 0x00, 0x00, 0x00, 0x00, 0x00, 0x00, 0x00,
  0x00, 0x00, 0x00, 0x00, 0x00, 0x00, 0x00, 0x00, 0x00, 0x00, 0x00, 0x00,
  0x00, 0x00, 0x00, 0x00, 0x00, 0x00, 0x00, 0x00, 0x00, 0x00, 0x00, 0x00,
  0x00, 0x00, 0x00, 0x00, 0x00, 0x00, 0x00, 0x00, 0x00, 0x00, 0x00, 0x00,
  0x00, 0x00, 0x00, 0x00, 0x00, 0x00, 0x00, 0x00, 0x00, 0x00, 0x00, 0x00,
  0x00, 0x00, 0x00, 0x00, 0x00, 0x00, 0x00, 0x00, 0x00, 0x00, 0x00, 0x00,
  0x00, 0x00, 0x00, 0x00, 0x00, 0x00, 0x00, 0x00, 0x00, 0x00, 0x00, 0x00,
  0x00, 0x00, 0x00, 0x00, 0x00, 0x00, 0x00, 0x00, 0x00, 0x00, 0x00, 0x00,
  0x00, 0x00, 0x00, 0x00, 0x00, 0x00, 0x00, 0x00, 0x00, 0x00, 0x00, 0x00,
  0x00, 0x00, 0x00, 0x00, 0x00, 0x00, 0x00, 0x00, 0x00, 0x00, 0x00, 0x00,
  0x00, 0x00, 0x00, 0x00, 0x00, 0x00, 0x00, 0x00, 0x00, 0x00, 0x00, 0x00,
  0x00, 0x00, 0x00, 0x00, 0x00, 0x00, 0x00, 0x00, 0x00, 0x00, 0x00, 0x00,
  0x00, 0x00, 0x00, 0x00, 0x00, 0x00, 0x00, 0x00, 0x00, 0x00, 0x00, 0x00,
  0x00, 0x00, 0x00, 0x00, 0x00, 0x00, 0x00, 0x00, 0x00, 0x00, 0x00, 0x00,
  0x00, 0x00, 0x00, 0x00, 0x00, 0x00, 0x00, 0x00, 0x00, 0x00, 0x00, 0x00,
  0x00, 0x00, 0x00, 0x00, 0x00, 0x00, 0x00, 0x00, 0x20, 0x00, 0x00, 0x00,
  0x90, 0xd7, 0x4d, 0x39, 0x6a, 0xf7, 0x31, 0x39, 0x16, 0x79, 0x3f, 0x39,
  0xbc, 0xef, 0x59, 0x39, 0xc8, 0x96, 0x28, 0x39, 0xd8, 0x8f, 0x2b, 0x39,
  0xb0, 0x41, 0x36, 0x39, 0xc7, 0xfa, 0x1c, 0x39, 0x5e, 0x2b, 0x4a, 0x39,
  0x27, 0x00, 0x54, 0x39, 0x5f, 0xd5, 0x2a, 0x39, 0x73, 0x94, 0x4b, 0x39,
  0xbf, 0xe9, 0x44, 0x39, 0x04, 0xcb, 0x05, 0x39, 0xac, 0x7f, 0x85, 0x39,
  0x48, 0x05, 0x5a, 0x39, 0xa1, 0x72, 0x64, 0x39, 0xe7, 0x0e, 0x33, 0x39,
  0xf3, 0x7a, 0x30, 0x39, 0xcd, 0x25, 0x57, 0x39, 0xf9, 0x6b, 0x28, 0x39,
  0x97, 0xb7, 0x07, 0x39, 0xce, 0x77, 0x76, 0x39, 0xa8, 0x4b, 0x68, 0x39,
  0x32, 0x16, 0x47, 0x39, 0x52, 0xf6, 0x3b, 0x39, 0x50, 0x92, 0x5c, 0x39,
  0x92, 0x0b, 0x61, 0x39, 0x16, 0x3b, 0x5b, 0x39, 0x27, 0x42, 0x17, 0x39,
  0x41, 0xce, 0x64, 0x39, 0x91, 0x1a, 0x44, 0x39, 0xa7, 0x00, 0x00, 0x00,
  0x66, 0x75, 0x6e, 0x63, 0x74, 0x69, 0x6f, 0x6e, 0x61, 0x6c, 0x5f, 0x31,
  0x2f, 0x72, 0x65, 0x5f, 0x6c, 0x75, 0x5f, 0x34, 0x5f, 0x31, 0x2f, 0x52,
  0x65, 0x6c, 0x75, 0x3b, 0x66, 0x75, 0x6e, 0x63, 0x74, 0x69, 0x6f, 0x6e,
  0x61, 0x6c, 0x5f, 0x31, 0x2f, 0x62, 0x61, 0x74, 0x63, 0x68, 0x5f, 0x6e,
  0x6f, 0x72, 0x6d, 0x61, 0x6c, 0x69, 0x7a, 0x61, 0x74, 0x69, 0x6f, 0x6e,
  0x5f, 0x34, 0x5f, 0x31, 0x2f, 0x62, 0x61, 0x74, 0x63, 0x68, 0x6e, 0x6f,
  0x72, 0x6d, 0x2f, 0x61, 0x64, 0x64, 0x5f, 0x31, 0x3b, 0x66, 0x75, 0x6e,
  0x63, 0x74, 0x69, 0x6f, 0x6e, 0x61, 0x6c, 0x5f, 0x31, 0x2f, 0x63, 0x6f,
  0x6e, 0x76, 0x32, 0x64, 0x5f, 0x32, 0x5f, 0x31, 0x2f, 0x63, 0x6f, 0x6e,
  0x76, 0x6f, 0x6c, 0x75, 0x74, 0x69, 0x6f, 0x6e, 0x3b, 0x66, 0x75, 0x6e,
  0x63, 0x74, 0x69, 0x6f, 0x6e, 0x61, 0x6c, 0x5f, 0x31, 0x2f, 0x62, 0x61,
  0x74, 0x63, 0x68, 0x5f, 0x6e, 0x6f, 0x72, 0x6d, 0x61, 0x6c, 0x69, 0x7a,
  0x61, 0x74, 0x69, 0x6f, 0x6e, 0x5f, 0x34, 0x5f, 0x31, 0x2f, 0x62, 0x61,
  0x74, 0x63, 0x68, 0x6e, 0x6f, 0x72, 0x6d, 0x2f, 0x73, 0x75, 0x62, 0x00,
  0x01, 0x00, 0x00, 0x00, 0x20, 0x00, 0x00, 0x00, 0xa6, 0xeb, 0xff, 0xff,
  0x00, 0x00, 0x00, 0x01, 0x14, 0x00, 0x00, 0x00, 0xac, 0x01, 0x00, 0x00,
  0x0c, 0x00, 0x00, 0x00, 0x00, 0x00, 0x00, 0x09, 0x38, 0x02, 0x00, 0x00,
  0x52, 0xf6, 0xff, 0xff, 0x03, 0x00, 0x00, 0x00, 0x08, 0x00, 0x00, 0x00,
  0x0c, 0x01, 0x00, 0x00, 0x20, 0x00, 0x00, 0x00, 0x00, 0x00, 0x00, 0x00,
  0x00, 0x00, 0x00, 0x00, 0x00, 0x00, 0x00, 0x00, 0x00, 0x00, 0x00, 0x00,
  0x00, 0x00, 0x00, 0x00, 0x00, 0x00, 0x00, 0x00, 0x00, 0x00, 0x00, 0x00,
  0x00, 0x00, 0x00, 0x00, 0x00, 0x00, 0x00, 0x00, 0x00, 0x00, 0x00, 0x00,
  0x00, 0x00, 0x00, 0x00, 0x00, 0x00, 0x00, 0x00, 0x00, 0x00, 0x00, 0x00,
  0x00, 0x00, 0x00, 0x00, 0x00, 0x00, 0x00, 0x00, 0x00, 0x00, 0x00, 0x00,
  0x00, 0x00, 0x00, 0x00, 0x00, 0x00, 0x00, 0x00, 0x00, 0x00, 0x00, 0x00,
  0x00, 0x00, 0x00, 0x00, 0x00, 0x00, 0x00, 0x00, 0x00, 0x00, 0x00, 0x00,
  0x00, 0x00, 0x00, 0x00, 0x00, 0x00, 0x00, 0x00, 0x00, 0x00, 0x00, 0x00,
  0x00, 0x00, 0x00, 0x00, 0x00, 0x00, 0x00, 0x00, 0x00, 0x00, 0x00, 0x00,
  0x00, 0x00, 0x00, 0x00, 0x00, 0x00, 0x00, 0x00, 0x00, 0x00, 0x00, 0x00,
  0x00, 0x00, 0x00, 0x00, 0x00, 0x00, 0x00, 0x00, 0x00, 0x00, 0x00, 0x00,
  0x00, 0x00, 0x00, 0x00, 0x00, 0x00, 0x00, 0x00, 0x00, 0x00, 0x00, 0x00,
  0x00, 0x00, 0x00, 0x00, 0x00, 0x00, 0x00, 0x00, 0x00, 0x00, 0x00, 0x00,
  0x00, 0x00, 0x00, 0x00, 0x00, 0x00, 0x00, 0x00, 0x00, 0x00, 0x00, 0x00,
  0x00, 0x00, 0x00, 0x00, 0x00, 0x00, 0x00, 0x00, 0x00, 0x00, 0x00, 0x00,
  0x00, 0x00, 0x00, 0x00, 0x00, 0x00, 0x00, 0x00, 0x00, 0x00, 0x00, 0x00,
  0x00, 0x00, 0x00, 0x00, 0x00, 0x00, 0x00, 0x00, 0x00, 0x00, 0x00, 0x00,
  0x00, 0x00, 0x00, 0x00, 0x00, 0x00, 0x00, 0x00, 0x00, 0x00, 0x00, 0x00,
  0x00, 0x00, 0x00, 0x00, 0x00, 0x00, 0x00, 0x00, 0x00, 0x00, 0x00, 0x00,
  0x00, 0x00, 0x00, 0x00, 0x00, 0x00, 0x00, 0x00, 0x00, 0x00, 0x00, 0x00,
  0x00, 0x00, 0x00, 0x00, 0x00, 0x00, 0x00, 0x00, 0x00, 0x00, 0x00, 0x00,
  0x00, 0x00, 0x00, 0x00, 0x20, 0x00, 0x00, 0x00, 0xdf, 0x65, 0xc1, 0x3b,
  0x9f, 0xe5, 0xcf, 0x3b, 0xe6, 0x26, 0x12, 0x3c, 0x52, 0x8b, 0xc2, 0x3b,
  0xc7, 0xf6, 0xc9, 0x3b, 0xd7, 0xdf, 0xec, 0x3b, 0xcd, 0x9e, 0xbd, 0x3b,
  0x1c, 0xff, 0xa1, 0x3b, 0x5a, 0x39, 0xed, 0x3b, 0x01, 0x45, 0xbd, 0x3b,
  0xc2, 0xaf, 0x00, 0x3c, 0xc6, 0x81, 0x25, 0x3c, 0xb6, 0x36, 0xc9, 0x3b,
  0xbd, 0x88, 0x9f, 0x3b, 0xe2, 0x35, 0x03, 0x3c, 0xae, 0x54, 0x1e, 0x3c,
  0x7e, 0xd9, 0xfc, 0x3b, 0xfb, 0x69, 0xcd, 0x3b, 0xce, 0x25, 0xe3, 0x3b,
  0xab, 0x47, 0x07, 0x3c, 0x4d, 0x68, 0xe2, 0x3b, 0x16, 0xf7, 0xd4, 0x3b,
  0x0f, 0xec, 0xb0, 0x3b, 0xce, 0x32, 0xb0, 0x3b, 0xe7, 0x26, 0xbb, 0x3b,
  0xc7, 0x16, 0xdd, 0x3b, 0x8b, 0xff, 0x2c, 0x3c, 0x65, 0x92, 0x96, 0x3b,
  0xa6, 0x14, 0xce, 0x3b, 0xdd, 0xa2, 0x97, 0x3b, 0x43, 0xce, 0x10, 0x3c,
  0x5a, 0xab, 0xb4, 0x3b, 0x93, 0x00, 0x00, 0x00, 0x66, 0x75, 0x6e, 0x63,
  0x74, 0x69, 0x6f, 0x6e, 0x61, 0x6c, 0x5f, 0x31, 0x2f, 0x62, 0x61, 0x74,
  0x63, 0x68, 0x5f, 0x6e, 0x6f, 0x72, 0x6d, 0x61, 0x6c, 0x69, 0x7a, 0x61,
  0x74, 0x69, 0x6f, 0x6e, 0x5f, 0x35, 0x5f, 0x31, 0x2f, 0x62, 0x61, 0x74,
  0x63, 0x68, 0x6e, 0x6f, 0x72, 0x6d, 0x2f, 0x6d, 0x75, 0x6c, 0x5f, 0x31,
  0x3b, 0x66, 0x75, 0x6e, 0x63, 0x74, 0x69, 0x6f, 0x6e, 0x61, 0x6c, 0x5f,
  0x31, 0x2f, 0x64, 0x65, 0x70, 0x74, 0x68, 0x77, 0x69, 0x73, 0x65, 0x5f,
  0x63, 0x6f, 0x6e, 0x76, 0x32, 0x64, 0x5f, 0x32, 0x5f, 0x31, 0x2f, 0x64,
  0x65, 0x70, 0x74, 0x68, 0x77, 0x69, 0x73, 0x65, 0x3b, 0x66, 0x75, 0x6e,
  0x63, 0x74, 0x69, 0x6f, 0x6e, 0x61, 0x6c, 0x5f, 0x31, 0x2f, 0x62, 0x61,
  0x74, 0x63, 0x68, 0x5f, 0x6e, 0x6f, 0x72, 0x6d, 0x61, 0x6c, 0x69, 0x7a,
  0x61, 0x74, 0x69, 0x6f, 0x6e, 0x5f, 0x35, 0x5f, 0x31, 0x2f, 0x62, 0x61,
  0x74, 0x63, 0x68, 0x6e, 0x6f, 0x72, 0x6d, 0x2f, 0x6d, 0x75, 0x6c, 0x00,
  0x04, 0x00, 0x00, 0x00, 0x01, 0x00, 0x00, 0x00, 0x03, 0x00, 0x00, 0x00,
  0x03, 0x00, 0x00, 0x00, 0x20, 0x00, 0x00, 0x00, 0x0a, 0xee, 0xff, 0xff,
  0x00, 0x00, 0x00, 0x01, 0x14, 0x00, 0x00, 0x00, 0xa8, 0x01, 0x00, 0x00,
  0x0b, 0x00, 0x00, 0x00, 0x00, 0x00, 0x00, 0x02, 0xb8, 0x02, 0x00, 0x00,
  0x54, 0xed, 0xff, 0xff, 0x08, 0x00, 0x00, 0x00, 0x0c, 0x01, 0x00, 0x00,
  0x20, 0x00, 0x00, 0x00, 0x00, 0x00, 0x00, 0x00, 0x00, 0x00, 0x00, 0x00,
  0x00, 0x00, 0x00, 0x00, 0x00, 0x00, 0x00, 0x00, 0x00, 0x00, 0x00, 0x00,
  0x00, 0x00, 0x00, 0x00, 0x00, 0x00, 0x00, 0x00, 0x00, 0x00, 0x00, 0x00,
  0x00, 0x00, 0x00, 0x00, 0x00, 0x00, 0x00, 0x00, 0x00, 0x00, 0x00, 0x00,
  0x00, 0x00, 0x00, 0x00, 0x00, 0x00, 0x00, 0x00, 0x00, 0x00, 0x00, 0x00,
  0x00, 0x00, 0x00, 0x00, 0x00, 0x00, 0x00, 0x00, 0x00, 0x00, 0x00, 0x00,
  0x00, 0x00, 0x00, 0x00, 0x00, 0x00, 0x00, 0x00, 0x00, 0x00, 0x00, 0x00,
  0x00, 0x00, 0x00, 0x00, 0x00, 0x00, 0x00, 0x00, 0x00, 0x00, 0x00, 0x00,
  0x00, 0x00, 0x00, 0x00, 0x00, 0x00, 0x00, 0x00, 0x00, 0x00, 0x00, 0x00,
  0x00, 0x00, 0x00, 0x00, 0x00, 0x00, 0x00, 0x00, 0x00, 0x00, 0x00, 0x00,
  0x00, 0x00, 0x00, 0x00, 0x00, 0x00, 0x00, 0x00, 0x00, 0x00, 0x00, 0x00,
  0x00, 0x00, 0x00, 0x00, 0x00, 0x00, 0x00, 0x00, 0x00, 0x00, 0x00, 0x00,
  0x00, 0x00, 0x00, 0x00, 0x00, 0x00, 0x00, 0x00, 0x00, 0x00, 0x00, 0x00,
  0x00, 0x00, 0x00, 0x00, 0x00, 0x00, 0x00, 0x00, 0x00, 0x00, 0x00, 0x00,
  0x00, 0x00, 0x00, 0x00, 0x00, 0x00, 0x00, 0x00, 0x00, 0x00, 0x00, 0x00,
  0x00, 0x00, 0x00, 0x00, 0x00, 0x00, 0x00, 0x00, 0x00, 0x00, 0x00, 0x00,
  0x00, 0x00, 0x00, 0x00, 0x00, 0x00, 0x00, 0x00, 0x00, 0x00, 0x00, 0x00,
  0x00, 0x00, 0x00, 0x00, 0x00, 0x00, 0x00, 0x00, 0x00, 0x00, 0x00, 0x00,
  0x00, 0x00, 0x00, 0x00, 0x00, 0x00, 0x00, 0x00, 0x00, 0x00, 0x00, 0x00,
  0x00, 0x00, 0x00, 0x00, 0x00, 0x00, 0x00, 0x00, 0x00, 0x00, 0x00, 0x00,
  0x00, 0x00, 0x00, 0x00, 0x00, 0x00, 0x00, 0x00, 0x00, 0x00, 0x00, 0x00,
  0x00, 0x00, 0x00, 0x00, 0x00, 0x00, 0x00, 0x00, 0x00, 0x00, 0x00, 0x00,
  0x20, 0x00, 0x00, 0x00, 0xa4, 0x0b, 0x48, 0x39, 0xf9, 0x0a, 0x57, 0x39,
  0xf0, 0x2c, 0x97, 0x39, 0x2d, 0x3b, 0x49, 0x39, 0xec, 0xe7, 0x50, 0x39,
  0x2c, 0x04, 0x75, 0x39, 0x54, 0x23, 0x44, 0x39, 0x91, 0x90, 0x27, 0x39,
  0xc3, 0x60, 0x75, 0x39, 0x72, 0xc6, 0x43, 0x39, 0x1d, 0x1c, 0x85, 0x39,
  0x1f, 0x32, 0xab, 0x39, 0x41, 0x21, 0x50, 0x39, 0x88, 0x04, 0x25, 0x39,
  0x72, 0xb8, 0x87, 0x39, 0xe2, 0xc5, 0xa3, 0x39, 0x33, 0xc5, 0x82, 0x39,
  0x7c, 0x79, 0x54, 0x39, 0x8d, 0xf4, 0x6a, 0x39, 0x0a, 0xee, 0x8b, 0x39,
  0x88, 0x30, 0x6a, 0x39, 0x09, 0x49, 0x5c, 0x39, 0xda, 0x00, 0x37, 0x39,
  0x3b, 0x41, 0x36, 0x39, 0xb6, 0x95, 0x41, 0x39, 0x36, 0xb0, 0x64, 0x39,
  0xcf, 0xf1, 0xb2, 0x39, 0x53, 0xbf, 0x1b, 0x39, 0x04, 0x2a, 0x55, 0x39,
  0x28, 0xd9, 0x1c, 0x39, 0x74, 0xc8, 0x95, 0x39, 0x1e, 0xe1, 0x3a, 0x39,
  0x17, 0x01, 0x00, 0x00, 0x66, 0x75, 0x6e, 0x63, 0x74, 0x69, 0x6f, 0x6e,
  0x61, 0x6c, 0x5f, 0x31, 0x2f, 0x72, 0x65, 0x5f, 0x6c, 0x75, 0x5f, 0x35,
  0x5f, 0x31, 0x2f, 0x52, 0x65, 0x6c, 0x75, 0x3b, 0x66, 0x75, 0x6e, 0x63,
  0x74, 0x69, 0x6f, 0x6e, 0x61, 0x6c, 0x5f, 0x31, 0x2f, 0x62, 0x61, 0x74,
  0x63, 0x68, 0x5f, 0x6e, 0x6f, 0x72, 0x6d, 0x61, 0x6c, 0x69, 0x7a, 0x61,
  0x74, 0x69, 0x6f, 0x6e, 0x5f, 0x35, 0x5f, 0x31, 0x2f, 0x62, 0x61, 0x74,
  0x63, 0x68, 0x6e, 0x6f, 0x72, 0x6d, 0x2f, 0x61, 0x64, 0x64, 0x5f, 0x31,
  0x3b, 0x66, 0x75, 0x6e, 0x63, 0x74, 0x69, 0x6f, 0x6e, 0x61, 0x6c, 0x5f,
  0x31, 0x2f, 0x62, 0x61, 0x74, 0x63, 0x68, 0x5f, 0x6e, 0x6f, 0x72, 0x6d,
  0x61, 0x6c, 0x69, 0x7a, 0x61, 0x74, 0x69, 0x6f, 0x6e, 0x5f, 0x35, 0x5f,
  0x31, 0x2f, 0x62, 0x61, 0x74, 0x63, 0x68, 0x6e, 0x6f, 0x72, 0x6d, 0x2f,
  0x6d, 0x75, 0x6c, 0x5f, 0x31, 0x3b, 0x66, 0x75, 0x6e, 0x63, 0x74, 0x69,
  0x6f, 0x6e, 0x61, 0x6c, 0x5f, 0x31, 0x2f, 0x64, 0x65, 0x70, 0x74, 0x68,
  0x77, 0x69, 0x73, 0x65, 0x5f, 0x63, 0x6f, 0x6e, 0x76, 0x32, 0x64, 0x5f,
  0x32, 0x5f, 0x31, 0x2f, 0x64, 0x65, 0x70, 0x74, 0x68, 0x77, 0x69, 0x73,
  0x65, 0x3b, 0x66, 0x75, 0x6e, 0x63, 0x74, 0x69, 0x6f, 0x6e, 0x61, 0x6c,
  0x5f, 0x31, 0x2f, 0x62, 0x61, 0x74, 0x63, 0x68, 0x5f, 0x6e, 0x6f, 0x72,
  0x6d, 0x61, 0x6c, 0x69, 0x7a, 0x61, 0x74, 0x69, 0x6f, 0x6e, 0x5f, 0x35,
  0x5f, 0x31, 0x2f, 0x62, 0x61, 0x74, 0x63, 0x68, 0x6e, 0x6f, 0x72, 0x6d,
  0x2f, 0x6d, 0x75, 0x6c, 0x3b, 0x66, 0x75, 0x6e, 0x63, 0x74, 0x69, 0x6f,
  0x6e, 0x61, 0x6c, 0x5f, 0x31, 0x2f, 0x62, 0x61, 0x74, 0x63, 0x68, 0x5f,
  0x6e, 0x6f, 0x72, 0x6d, 0x61, 0x6c, 0x69, 0x7a, 0x61, 0x74, 0x69, 0x6f,
  0x6e, 0x5f, 0x35, 0x5f, 0x31, 0x2f, 0x62, 0x61, 0x74, 0x63, 0x68, 0x6e,
  0x6f, 0x72, 0x6d, 0x2f, 0x73, 0x75, 0x62, 0x00, 0x01, 0x00, 0x00, 0x00,
  0x20, 0x00, 0x00, 0x00, 0xe2, 0xf0, 0xff, 0xff, 0x00, 0x00, 0x00, 0x01,
  0x14, 0x00, 0x00, 0x00, 0xa8, 0x01, 0x00, 0x00, 0x0a, 0x00, 0x00, 0x00,
  0x00, 0x00, 0x00, 0x09, 0xc4, 0x01, 0x00, 0x00, 0x2c, 0xf0, 0xff, 0xff,
  0x08, 0x00, 0x00, 0x00, 0x0c, 0x01, 0x00, 0x00, 0x20, 0x00, 0x00, 0x00,
  0x00, 0x00, 0x00, 0x00, 0x00, 0x00, 0x00, 0x00, 0x00, 0x00, 0x00, 0x00,
  0x00, 0x00, 0x00, 0x00, 0x00, 0x00, 0x00, 0x00, 0x00, 0x00, 0x00, 0x00,
  0x00, 0x00, 0x00, 0x00, 0x00, 0x00, 0x00, 0x00, 0x00, 0x00, 0x00, 0x00,
  0x00, 0x00, 0x00, 0x00, 0x00, 0x00, 0x00, 0x00, 0x00, 0x00, 0x00, 0x00,
  0x00, 0x00, 0x00, 0x00, 0x00, 0x00, 0x00, 0x00, 0x00, 0x00, 0x00, 0x00,
  0x00, 0x00, 0x00, 0x00, 0x00, 0x00, 0x00, 0x00, 0x00, 0x00, 0x00, 0x00,
  0x00, 0x00, 0x00, 0x00, 0x00, 0x00, 0x00, 0x00, 0x00, 0x00, 0x00, 0x00,
  0x00, 0x00, 0x00, 0x00, 0x00, 0x00, 0x00, 0x00, 0x00, 0x00, 0x00, 0x00,
  0x00, 0x00, 0x00, 0x00, 0x00, 0x00, 0x00, 0x00, 0x00, 0x00, 0x00, 0x00,
  0x00, 0x00, 0x00, 0x00, 0x00, 0x00, 0x00, 0x00, 0x00, 0x00, 0x00, 0x00,
  0x00, 0x00, 0x00, 0x00, 0x00, 0x00, 0x00, 0x00, 0x00, 0x00, 0x00, 0x00,
  0x00, 0x00, 0x00, 0x00, 0x00, 0x00, 0x00, 0x00, 0x00, 0x00, 0x00, 0x00,
  0x00, 0x00, 0x00, 0x00, 0x00, 0x00, 0x00, 0x00, 0x00, 0x00, 0x00, 0x00,
  0x00, 0x00, 0x00, 0x00, 0x00, 0x00, 0x00, 0x00, 0x00, 0x00, 0x00, 0x00,
  0x00, 0x00, 0x00, 0x00, 0x00, 0x00, 0x00, 0x00, 0x00, 0x00, 0x00, 0x00,
  0x00, 0x00, 0x00, 0x00, 0x00, 0x00, 0x00, 0x00, 0x00, 0x00, 0x00, 0x00,
  0x00, 0x00, 0x00, 0x00, 0x00, 0x00, 0x00, 0x00, 0x00, 0x00, 0x00, 0x00,
  0x00, 0x00, 0x00, 0x00, 0x00, 0x00, 0x00, 0x00, 0x00, 0x00, 0x00, 0x00,
  0x00, 0x00, 0x00, 0x00, 0x00, 0x00, 0x00, 0x00, 0x00, 0x00, 0x00, 0x00,
  0x00, 0x00, 0x00, 0x00, 0x00, 0x00, 0x00, 0x00, 0x00, 0x00, 0x00, 0x00,
  0x00, 0x00, 0x00, 0x00, 0x00, 0x00, 0x00, 0x00, 0x00, 0x00, 0x00, 0x00,
  0x00, 0x00, 0x00, 0x00, 0x00, 0x00, 0x00, 0x00, 0x20, 0x00, 0x00, 0x00,
  0xd3, 0x98, 0x63, 0x3b, 0x43, 0x44, 0x5e, 0x3b, 0x23, 0xa7, 0x9f, 0x3b,
  0xed, 0x4c, 0x51, 0x3b, 0x4a, 0x33, 0x90, 0x3b, 0xe1, 0xa1, 0x4b, 0x3b,
  0x01, 0xe1, 0x68, 0x3b, 0x34, 0x58, 0x59, 0x3b, 0x23, 0x5d, 0x89, 0x3b,
  0x63, 0xd0, 0x5e, 0x3b, 0xf6, 0xec, 0x7c, 0x3b, 0xbb, 0x22, 0x63, 0x3b,
  0x2a, 0x61, 0x93, 0x3b, 0x67, 0xed, 0x8f, 0x3b, 0x85, 0x14, 0x65, 0x3b,
  0x46, 0x5b, 0x95, 0x3b, 0x53, 0x4d, 0x7a, 0x3b, 0x30, 0x8c, 0x44, 0x3b,
  0xa0, 0x3b, 0x52, 0x3b, 0xe3, 0xe5, 0xa8, 0x3b, 0x84, 0xa3, 0x78, 0x3b,
  0xbb, 0xfc, 0x4e, 0x3b, 0xff, 0x81, 0x97, 0x3b, 0xd0, 0x62, 0x51, 0x3b,
  0x76, 0xd3, 0x89, 0x3b, 0xed, 0x0d, 0x37, 0x3b, 0xc5, 0xd9, 0x91, 0x3b,
  0x71, 0x06, 0x51, 0x3b, 0x37, 0x23, 0x5b, 0x3b, 0xe0, 0x50, 0x78, 0x3b,
  0xfa, 0xfa, 0x7d, 0x3b, 0x5e, 0xe3, 0x5c, 0x3b, 0x23, 0x00, 0x00, 0x00,
  0x66, 0x75, 0x6e, 0x63, 0x74, 0x69, 0x6f, 0x6e, 0x61, 0x6c, 0x5f, 0x31,
  0x2f, 0x63, 0x6f, 0x6e, 0x76, 0x32, 0x64, 0x5f, 0x33, 0x5f, 0x31, 0x2f,
  0x63, 0x6f, 0x6e, 0x76, 0x6f, 0x6c, 0x75, 0x74, 0x69, 0x6f, 0x6e, 0x00,
  0x04, 0x00, 0x00, 0x00, 0x20, 0x00, 0x00, 0x00, 0x01, 0x00, 0x00, 0x00,
  0x01, 0x00, 0x00, 0x00, 0x20, 0x00, 0x00, 0x00, 0xd2, 0xf2, 0xff, 0xff,
  0x00, 0x00, 0x00, 0x01, 0x14, 0x00, 0x00, 0x00, 0xa8, 0x01, 0x00, 0x00,
  0x09, 0x00, 0x00, 0x00, 0x00, 0x00, 0x00, 0x02, 0x48, 0x02, 0x00, 0x00,
  0x1c, 0xf2, 0xff, 0xff, 0x08, 0x00, 0x00, 0x00, 0x0c, 0x01, 0x00, 0x00,
  0x20, 0x00, 0x00, 0x00, 0x00, 0x00, 0x00, 0x00, 0x00, 0x00, 0x00, 0x00,
  0x00, 0x00, 0x00, 0x00, 0x00, 0x00, 0x00, 0x00, 0x00, 0x00, 0x00, 0x00,
  0x00, 0x00, 0x00, 0x00, 0x00, 0x00, 0x00, 0x00, 0x00, 0x00, 0x00, 0x00,
  0x00, 0x00, 0x00, 0x00, 0x00, 0x00, 0x00, 0x00, 0x00, 0x00, 0x00, 0x00,
  0x00, 0x00, 0x00, 0x00, 0x00, 0x00, 0x00, 0x00, 0x00, 0x00, 0x00, 0x00,
  0x00, 0x00, 0x00, 0x00, 0x00, 0x00, 0x00, 0x00, 0x00, 0x00, 0x00, 0x00,
  0x00, 0x00, 0x00, 0x00, 0x00, 0x00, 0x00, 0x00, 0x00, 0x00, 0x00, 0x00,
  0x00, 0x00, 0x00, 0x00, 0x00, 0x00, 0x00, 0x00, 0x00, 0x00, 0x00, 0x00,
  0x00, 0x00, 0x00, 0x00, 0x00, 0x00, 0x00, 0x00, 0x00, 0x00, 0x00, 0x00,
  0x00, 0x00, 0x00, 0x00, 0x00, 0x00, 0x00, 0x00, 0x00, 0x00, 0x00, 0x00,
  0x00, 0x00, 0x00, 0x00, 0x00, 0x00, 0x00, 0x00, 0x00, 0x00, 0x00, 0x00,
  0x00, 0x00, 0x00, 0x00, 0x00, 0x00, 0x00, 0x00, 0x00, 0x00, 0x00, 0x00,
  0x00, 0x00, 0x00, 0x00, 0x00, 0x00, 0x00, 0x00, 0x00, 0x00, 0x00, 0x00,
  0x00, 0x00, 0x00, 0x00, 0x00, 0x00, 0x00, 0x00, 0x00, 0x00, 0x00, 0x00,
  0x00, 0x00, 0x00, 0x00, 0x00, 0x00, 0x00, 0x00, 0x00, 0x00, 0x00, 0x00,
  0x00, 0x00, 0x00, 0x00, 0x00, 0x00, 0x00, 0x00, 0x00, 0x00, 0x00, 0x00,
  0x00, 0x00, 0x00, 0x00, 0x00, 0x00, 0x00, 0x00, 0x00, 0x00, 0x00, 0x00,
  0x00, 0x00, 0x00, 0x00, 0x00, 0x00, 0x00, 0x00, 0x00, 0x00, 0x00, 0x00,
  0x00, 0x00, 0x00, 0x00, 0x00, 0x00, 0x00, 0x00, 0x00, 0x00, 0x00, 0x00,
  0x00, 0x00, 0x00, 0x00, 0x00, 0x00, 0x00, 0x00, 0x00, 0x00, 0x00, 0x00,
  0x00, 0x00, 0x00, 0x00, 0x00, 0x00, 0x00, 0x00, 0x00, 0x00, 0x00, 0x00,
  0x00, 0x00, 0x00, 0x00, 0x00, 0x00, 0x00, 0x00, 0x00, 0x00, 0x00, 0x00,
  0x20, 0x00, 0x00, 0x00, 0x1c, 0x53, 0x15, 0x39, 0xd4, 0xd3, 0x11, 0x39,
  0x7c, 0x7e, 0x51, 0x39, 0x0a, 0x52, 0x09, 0x39, 0xae, 0x37, 0x3d, 0x39,
  0x05, 0x9a, 0x05, 0x39, 0x43, 0xca, 0x18, 0x39, 0x1d, 0x99, 0x0e, 0x39,
  0x29, 0x3f, 0x34, 0x39, 0xc4, 0x2f, 0x12, 0x39, 0x4d, 0xf1, 0x25, 0x39,
  0xa1, 0x05, 0x15, 0x39, 0xa3, 0x63, 0x41, 0x39, 0xfa, 0xdb, 0x3c, 0x39,
  0x39, 0x4c, 0x16, 0x39, 0xbf, 0xfb, 0x43, 0x39, 0xa5, 0x38, 0x24, 0x39,
  0x12, 0xf4, 0x00, 0x39, 0xa6, 0xee, 0x09, 0x39, 0x19, 0xa0, 0x5d, 0x39,
  0x47, 0x21, 0x23, 0x39, 0x81, 0xcd, 0x07, 0x39, 0x65, 0xce, 0x46, 0x39,
  0x66, 0x60, 0x09, 0x39, 0x6c, 0xda, 0x34, 0x39, 0x82, 0x33, 0xf0, 0x38,
  0x0e, 0x62, 0x3f, 0x39, 0xcb, 0x23, 0x09, 0x39, 0x45, 0xc6, 0x0f, 0x39,
  0x0e, 0xeb, 0x22, 0x39, 0x75, 0xa2, 0x26, 0x39, 0x4c, 0xec, 0x10, 0x39,
  0xa7, 0x00, 0x00, 0x00, 0x66, 0x75, 0x6e, 0x63, 0x74, 0x69, 0x6f, 0x6e,
  0x61, 0x6c, 0x5f, 0x31, 0x2f, 0x72, 0x65, 0x5f, 0x6c, 0x75, 0x5f, 0x36,
  0x5f, 0x31, 0x2f, 0x52, 0x65, 0x6c, 0x75, 0x3b, 0x66, 0x75, 0x6e, 0x63,
  0x74, 0x69, 0x6f, 0x6e, 0x61, 0x6c, 0x5f, 0x31, 0x2f, 0x62, 0x61, 0x74,
  0x63, 0x68, 0x5f, 0x6e, 0x6f, 0x72, 0x6d, 0x61, 0x6c, 0x69, 0x7a, 0x61,
  0x74, 0x69, 0x6f, 0x6e, 0x5f, 0x36, 0x5f, 0x31, 0x2f, 0x62, 0x61, 0x74,
  0x63, 0x68, 0x6e, 0x6f, 0x72, 0x6d, 0x2f, 0x61, 0x64, 0x64, 0x5f, 0x31,
  0x3b, 0x66, 0x75, 0x6e, 0x63, 0x74, 0x69, 0x6f, 0x6e, 0x61, 0x6c, 0x5f,
  0x31, 0x2f, 0x63, 0x6f, 0x6e, 0x76, 0x32, 0x64, 0x5f, 0x33, 0x5f, 0x31,
  0x2f, 0x63, 0x6f, 0x6e, 0x76, 0x6f, 0x6c, 0x75, 0x74, 0x69, 0x6f, 0x6e,
  0x3b, 0x66, 0x75, 0x6e, 0x63, 0x74, 0x69, 0x6f, 0x6e, 0x61, 0x6c, 0x5f,
  0x31, 0x2f, 0x62, 0x61, 0x74, 0x63, 0x68, 0x5f, 0x6e, 0x6f, 0x72, 0x6d,
  0x61, 0x6c, 0x69, 0x7a, 0x61, 0x74, 0x69, 0x6f, 0x6e, 0x5f, 0x36, 0x5f,
  0x31, 0x2f, 0x62, 0x61, 0x74, 0x63, 0x68, 0x6e, 0x6f, 0x72, 0x6d, 0x2f,
  0x73, 0x75, 0x62, 0x00, 0x01, 0x00, 0x00, 0x00, 0x20, 0x00, 0x00, 0x00,
  0x00, 0x00, 0x16, 0x00, 0x1e, 0x00, 0x18, 0x00, 0x17, 0x00, 0x10, 0x00,
  0x0c, 0x00, 0x08, 0x00, 0x00, 0x00, 0x00, 0x00, 0x00, 0x00, 0x07, 0x00,
  0x16, 0x00, 0x00, 0x00, 0x00, 0x00, 0x00, 0x01, 0x28, 0x00, 0x00, 0x00,
  0xc0, 0x01, 0x00, 0x00, 0x08, 0x00, 0x00, 0x00, 0x00, 0x00, 0x00, 0x09,
  0x4c, 0x02, 0x00, 0x00, 0x00, 0x00, 0x12, 0x00, 0x10, 0x00, 0x00, 0x00,
  0x00, 0x00, 0x0c, 0x00, 0x08, 0x00, 0x00, 0x00, 0x00, 0x00, 0x04, 0x00,
  0x12, 0x00, 0x00, 0x00, 0x03, 0x00, 0x00, 0x00, 0x08, 0x00, 0x00, 0x00,
  0x0c, 0x01, 0x00, 0x00, 0x20, 0x00, 0x00, 0x00, 0x00, 0x00, 0x00, 0x00,
  0x00, 0x00, 0x00, 0x00, 0x00, 0x00, 0x00, 0x00, 0x00, 0x00, 0x00, 0x00,
  0x00, 0x00, 0x00, 0x00, 0x00, 0x00, 0x00, 0x00, 0x00, 0x00, 0x00, 0x00,
  0x00, 0x00, 0x00, 0x00, 0x00, 0x00, 0x00, 0x00, 0x00, 0x00, 0x00, 0x00,
  0x00, 0x00, 0x00, 0x00, 0x00, 0x00, 0x00, 0x00, 0x00, 0x00, 0x00, 0x00,
  0x00, 0x00, 0x00, 0x00, 0x00, 0x00, 0x00, 0x00, 0x00, 0x00, 0x00, 0x00,
  0x00, 0x00, 0x00, 0x00, 0x00, 0x00, 0x00, 0x00, 0x00, 0x00, 0x00, 0x00,
  0x00, 0x00, 0x00, 0x00, 0x00, 0x00, 0x00, 0x00, 0x00, 0x00, 0x00, 0x00,
  0x00, 0x00, 0x00, 0x00, 0x00, 0x00, 0x00, 0x00, 0x00, 0x00, 0x00, 0x00,
  0x00, 0x00, 0x00, 0x00, 0x00, 0x00, 0x00, 0x00, 0x00, 0x00, 0x00, 0x00,
  0x00, 0x00, 0x00, 0x00, 0x00, 0x00, 0x00, 0x00, 0x00, 0x00, 0x00, 0x00,
  0x00, 0x00, 0x00, 0x00, 0x00, 0x00, 0x00, 0x00, 0x00, 0x00, 0x00, 0x00,
  0x00, 0x00, 0x00, 0x00, 0x00, 0x00, 0x00, 0x00, 0x00, 0x00, 0x00, 0x00,
  0x00, 0x00, 0x00, 0x00, 0x00, 0x00, 0x00, 0x00, 0x00, 0x00, 0x00, 0x00,
  0x00, 0x00, 0x00, 0x00, 0x00, 0x00, 0x00, 0x00, 0x00, 0x00, 0x00, 0x00,
  0x00, 0x00, 0x00, 0x00, 0x00, 0x00, 0x00, 0x00, 0x00, 0x00, 0x00, 0x00,
  0x00, 0x00, 0x00, 0x00, 0x00, 0x00, 0x00, 0x00, 0x00, 0x00, 0x00, 0x00,
  0x00, 0x00, 0x00, 0x00, 0x00, 0x00, 0x00, 0x00, 0x00, 0x00, 0x00, 0x00,
  0x00, 0x00, 0x00, 0x00, 0x00, 0x00, 0x00, 0x00, 0x00, 0x00, 0x00, 0x00,
  0x00, 0x00, 0x00, 0x00, 0x00, 0x00, 0x00, 0x00, 0x00, 0x00, 0x00, 0x00,
  0x00, 0x00, 0x00, 0x00, 0x00, 0x00, 0x00, 0x00, 0x00, 0x00, 0x00, 0x00,
  0x00, 0x00, 0x00, 0x00, 0x00, 0x00, 0x00, 0x00, 0x00, 0x00, 0x00, 0x00,
  0x00, 0x00, 0x00, 0x00, 0x20, 0x00, 0x00, 0x00, 0x7e, 0x70, 0x8f, 0x3b,
  0xf1, 0x94, 0xa7, 0x3b, 0xf4, 0x13, 0x83, 0x3b, 0x1f, 0x95, 0x86, 0x3b,
  0xc3, 0x02, 0x1d, 0x3c, 0xf7, 0x4e, 0x97, 0x3b, 0x33, 0x39, 0x56, 0x3b,
  0x07, 0x07, 0xd0, 0x3b, 0x36, 0x2b, 0xe2, 0x3b, 0x32, 0x70, 0x33, 0x3b,
  0x0c, 0xb0, 0xcc, 0x3b, 0xc2, 0x40, 0x7c, 0x3c, 0x96, 0x3b, 0xd9, 0x3b,
  0x70, 0xb3, 0x94, 0x3b, 0x0e, 0xc9, 0x96, 0x3b, 0xb1, 0xe2, 0xbe, 0x3b,
  0x70, 0x89, 0x5d, 0x3b, 0xb8, 0x10, 0x96, 0x3b, 0xb3, 0x3b, 0x90, 0x3b,
  0x82, 0x48, 0xc3, 0x3b, 0x84, 0x64, 0x10, 0x3c, 0xa2, 0x9f, 0xb5, 0x3b,
  0x52, 0xb5, 0xea, 0x3b, 0x27, 0x09, 0xf7, 0x3b, 0x3e, 0x13, 0xd6, 0x3b,
  0xc2, 0x12, 0x32, 0x3c, 0xf5, 0x84, 0xa6, 0x3b, 0x42, 0x0d, 0xbe, 0x3b,
  0x54, 0xac, 0x97, 0x3b, 0x87, 0x47, 0x20, 0x3c, 0x49, 0xfe, 0xa1, 0x3b,
  0x13, 0x18, 0xa0, 0x3b, 0x93, 0x00, 0x00, 0x00, 0x66, 0x75, 0x6e, 0x63,
  0x74, 0x69, 0x6f, 0x6e, 0x61, 0x6c, 0x5f, 0x31, 0x2f, 0x62, 0x61, 0x74,
  0x63, 0x68, 0x5f, 0x6e, 0x6f, 0x72, 0x6d, 0x61, 0x6c, 0x69, 0x7a, 0x61,
  0x74, 0x69, 0x6f, 0x6e, 0x5f, 0x37, 0x5f, 0x31, 0x2f, 0x62, 0x61, 0x74,
  0x63, 0x68, 0x6e, 0x6f, 0x72, 0x6d, 0x2f, 0x6d, 0x75, 0x6c, 0x5f, 0x31,
  0x3b, 0x66, 0x75, 0x6e, 0x63, 0x74, 0x69, 0x6f, 0x6e, 0x61, 0x6c, 0x5f,
  0x31, 0x2f, 0x64, 0x65, 0x70, 0x74, 0x68, 0x77, 0x69, 0x73, 0x65, 0x5f,
  0x63, 0x6f, 0x6e, 0x76, 0x32, 0x64, 0x5f, 0x33, 0x5f, 0x31, 0x2f, 0x64,
  0x65, 0x70, 0x74, 0x68, 0x77, 0x69, 0x73, 0x65, 0x3b, 0x66, 0x75, 0x6e,
  0x63, 0x74, 0x69, 0x6f, 0x6e, 0x61, 0x6c, 0x5f, 0x31, 0x2f, 0x62, 0x61,
  0x74, 0x63, 0x68, 0x5f, 0x6e, 0x6f, 0x72, 0x6d, 0x61, 0x6c, 0x69, 0x7a,
  0x61, 0x74, 0x69, 0x6f, 0x6e, 0x5f, 0x37, 0x5f, 0x31, 0x2f, 0x62, 0x61,
  0x74, 0x63, 0x68, 0x6e, 0x6f, 0x72, 0x6d, 0x2f, 0x6d, 0x75, 0x6c, 0x00,
  0x04, 0x00, 0x00, 0x00, 0x01, 0x00, 0x00, 0x00, 0x03, 0x00, 0x00, 0x00,
  0x03, 0x00, 0x00, 0x00, 0x20, 0x00, 0x00, 0x00, 0xca, 0xf7, 0xff, 0xff,
  0x00, 0x00, 0x00, 0x01, 0x14, 0x00, 0x00, 0x00, 0xa8, 0x01, 0x00, 0x00,
  0x07, 0x00, 0x00, 0x00, 0x00, 0x00, 0x00, 0x02, 0xb8, 0x02, 0x00, 0x00,
  0x14, 0xf7, 0xff, 0xff, 0x08, 0x00, 0x00, 0x00, 0x0c, 0x01, 0x00, 0x00,
  0x20, 0x00, 0x00, 0x00, 0x00, 0x00, 0x00, 0x00, 0x00, 0x00, 0x00, 0x00,
  0x00, 0x00, 0x00, 0x00, 0x00, 0x00, 0x00, 0x00, 0x00, 0x00, 0x00, 0x00,
  0x00, 0x00, 0x00, 0x00, 0x00, 0x00, 0x00, 0x00, 0x00, 0x00, 0x00, 0x00,
  0x00, 0x00, 0x00, 0x00, 0x00, 0x00, 0x00, 0x00, 0x00, 0x00, 0x00, 0x00,
  0x00, 0x00, 0x00, 0x00, 0x00, 0x00, 0x00, 0x00, 0x00, 0x00, 0x00, 0x00,
  0x00, 0x00, 0x00, 0x00, 0x00, 0x00, 0x00, 0x00, 0x00, 0x00, 0x00, 0x00,
  0x00, 0x00, 0x00, 0x00, 0x00, 0x00, 0x00, 0x00, 0x00, 0x00, 0x00, 0x00,
  0x00, 0x00, 0x00, 0x00, 0x00, 0x00, 0x00, 0x00, 0x00, 0x00, 0x00, 0x00,
  0x00, 0x00, 0x00, 0x00, 0x00, 0x00, 0x00, 0x00, 0x00, 0x00, 0x00, 0x00,
  0x00, 0x00, 0x00, 0x00, 0x00, 0x00, 0x00, 0x00, 0x00, 0x00, 0x00, 0x00,
  0x00, 0x00, 0x00, 0x00, 0x00, 0x00, 0x00, 0x00, 0x00, 0x00, 0x00, 0x00,
  0x00, 0x00, 0x00, 0x00, 0x00, 0x00, 0x00, 0x00, 0x00, 0x00, 0x00, 0x00,
  0x00, 0x00, 0x00, 0x00, 0x00, 0x00, 0x00, 0x00, 0x00, 0x00, 0x00, 0x00,
  0x00, 0x00, 0x00, 0x00, 0x00, 0x00, 0x00, 0x00, 0x00, 0x00, 0x00, 0x00,
  0x00, 0x00, 0x00, 0x00, 0x00, 0x00, 0x00, 0x00, 0x00, 0x00, 0x00, 0x00,
  0x00, 0x00, 0x00, 0x00, 0x00, 0x00, 0x00, 0x00, 0x00, 0x00, 0x00, 0x00,
  0x00, 0x00, 0x00, 0x00, 0x00, 0x00, 0x00, 0x00, 0x00, 0x00, 0x00, 0x00,
  0x00, 0x00, 0x00, 0x00, 0x00, 0x00, 0x00, 0x00, 0x00, 0x00, 0x00, 0x00,
  0x00, 0x00, 0x00, 0x00, 0x00, 0x00, 0x00, 0x00, 0x00, 0x00, 0x00, 0x00,
  0x00, 0x00, 0x00, 0x00, 0x00, 0x00, 0x00, 0x00, 0x00, 0x00, 0x00, 0x00,
  0x00, 0x00, 0x00, 0x00, 0x00, 0x00, 0x00, 0x00, 0x00, 0x00, 0x00, 0x00,
  0x00, 0x00, 0x00, 0x00, 0x00, 0x00, 0x00, 0x00, 0x00, 0x00, 0x00, 0x00,
  0x20, 0x00, 0x00, 0x00, 0x4b, 0x15, 0x2c, 0x39, 0xef, 0x0b, 0x49, 0x39,
  0xd2, 0x40, 0x1d, 0x39, 0x25, 0x75, 0x21, 0x39, 0x59, 0x5d, 0xbc, 0x39,
  0x0b, 0x86, 0x35, 0x39, 0x49, 0x80, 0x00, 0x39, 0xa6, 0x91, 0x79, 0x39,
  0x9f, 0xaa, 0x87, 0x39, 0x4e, 0x45, 0xd7, 0x38, 0xf0, 0x8f, 0x75, 0x39,
  0x1f, 0x50, 0x17, 0x3a, 0x66, 0x4e, 0x82, 0x39, 0x37, 0x65, 0x32, 0x39,
  0x64, 0xe5, 0x34, 0x39, 0xff, 0x00, 0x65, 0x39, 0x57, 0xe3, 0x04, 0x39,
  0x3f, 0x08, 0x34, 0x39, 0x15, 0x09, 0x2d, 0x39, 0xa1, 0x47, 0x6a, 0x39,
  0x0c, 0x3a, 0xad, 0x39, 0x75, 0xe4, 0x59, 0x39, 0xf3, 0xc9, 0x8c, 0x39,
  0xf7, 0x2e, 0x94, 0x39, 0x84, 0x69, 0x80, 0x39, 0x16, 0xa2, 0xd5, 0x39,
  0xa2, 0xc5, 0x47, 0x39, 0xf1, 0x00, 0x64, 0x39, 0x0d, 0xf6, 0x35, 0x39,
  0x36, 0x49, 0xc0, 0x39, 0x96, 0x57, 0x42, 0x39, 0x48, 0x10, 0x40, 0x39,
  0x17, 0x01, 0x00, 0x00, 0x66, 0x75, 0x6e, 0x63, 0x74, 0x69, 0x6f, 0x6e,
  0x61, 0x6c, 0x5f, 0x31, 0x2f, 0x72, 0x65, 0x5f, 0x6c, 0x75, 0x5f, 0x37,
  0x5f, 0x31, 0x2f, 0x52, 0x65, 0x6c, 0x75, 0x3b, 0x66, 0x75, 0x6e, 0x63,
  0x74, 0x69, 0x6f, 0x6e, 0x61, 0x6c, 0x5f, 0x31, 0x2f, 0x62, 0x61, 0x74,
  0x63, 0x68, 0x5f, 0x6e, 0x6f, 0x72, 0x6d, 0x61, 0x6c, 0x69, 0x7a, 0x61,
  0x74, 0x69, 0x6f, 0x6e, 0x5f, 0x37, 0x5f, 0x31, 0x2f, 0x62, 0x61, 0x74,
  0x63, 0x68, 0x6e, 0x6f, 0x72, 0x6d, 0x2f, 0x61, 0x64, 0x64, 0x5f, 0x31,
  0x3b, 0x66, 0x75, 0x6e, 0x63, 0x74, 0x69, 0x6f, 0x6e, 0x61, 0x6c, 0x5f,
  0x31, 0x2f, 0x62, 0x61, 0x74, 0x63, 0x68, 0x5f, 0x6e, 0x6f, 0x72, 0x6d,
  0x61, 0x6c, 0x69, 0x7a, 0x61, 0x74, 0x69, 0x6f, 0x6e, 0x5f, 0x37, 0x5f,
  0x31, 0x2f, 0x62, 0x61, 0x74, 0x63, 0x68, 0x6e, 0x6f, 0x72, 0x6d, 0x2f,
  0x6d, 0x75, 0x6c, 0x5f, 0x31, 0x3b, 0x66, 0x75, 0x6e, 0x63, 0x74, 0x69,
  0x6f, 0x6e, 0x61, 0x6c, 0x5f, 0x31, 0x2f, 0x64, 0x65, 0x70, 0x74, 0x68,
  0x77, 0x69, 0x73, 0x65, 0x5f, 0x63, 0x6f, 0x6e, 0x76, 0x32, 0x64, 0x5f,
  0x33, 0x5f, 0x31, 0x2f, 0x64, 0x65, 0x70, 0x74, 0x68, 0x77, 0x69, 0x73,
  0x65, 0x3b, 0x66, 0x75, 0x6e, 0x63, 0x74, 0x69, 0x6f, 0x6e, 0x61, 0x6c,
  0x5f, 0x31, 0x2f, 0x62, 0x61, 0x74, 0x63, 0x68, 0x5f, 0x6e, 0x6f, 0x72,
  0x6d, 0x61, 0x6c, 0x69, 0x7a, 0x61, 0x74, 0x69, 0x6f, 0x6e, 0x5f, 0x37,
  0x5f, 0x31, 0x2f, 0x62, 0x61, 0x74, 0x63, 0x68, 0x6e, 0x6f, 0x72, 0x6d,
  0x2f, 0x6d, 0x75, 0x6c, 0x3b, 0x66, 0x75, 0x6e, 0x63, 0x74, 0x69, 0x6f,
  0x6e, 0x61, 0x6c, 0x5f, 0x31, 0x2f, 0x62, 0x61, 0x74, 0x63, 0x68, 0x5f,
  0x6e, 0x6f, 0x72, 0x6d, 0x61, 0x6c, 0x69, 0x7a, 0x61, 0x74, 0x69, 0x6f,
  0x6e, 0x5f, 0x37, 0x5f, 0x31, 0x2f, 0x62, 0x61, 0x74, 0x63, 0x68, 0x6e,
  0x6f, 0x72, 0x6d, 0x2f, 0x73, 0x75, 0x62, 0x00, 0x01, 0x00, 0x00, 0x00,
  0x20, 0x00, 0x00, 0x00, 0xa2, 0xfa, 0xff, 0xff, 0x00, 0x00, 0x00, 0x01,
  0x14, 0x00, 0x00, 0x00, 0xa8, 0x01, 0x00, 0x00, 0x06, 0x00, 0x00, 0x00,
  0x00, 0x00, 0x00, 0x09, 0xc4, 0x01, 0x00, 0x00, 0xec, 0xf9, 0xff, 0xff,
  0x08, 0x00, 0x00, 0x00, 0x0c, 0x01, 0x00, 0x00, 0x20, 0x00, 0x00, 0x00,
  0x00, 0x00, 0x00, 0x00, 0x00, 0x00, 0x00, 0x00, 0x00, 0x00, 0x00, 0x00,
  0x00, 0x00, 0x00, 0x00, 0x00, 0x00, 0x00, 0x00, 0x00, 0x00, 0x00, 0x00,
  0x00, 0x00, 0x00, 0x00, 0x00, 0x00, 0x00, 0x00, 0x00, 0x00, 0x00, 0x00,
  0x00, 0x00, 0x00, 0x00, 0x00, 0x00, 0x00, 0x00, 0x00, 0x00, 0x00, 0x00,
  0x00, 0x00, 0x00, 0x00, 0x00, 0x00, 0x00, 0x00, 0x00, 0x00, 0x00, 0x00,
  0x00, 0x00, 0x00, 0x00, 0x00, 0x00, 0x00, 0x00, 0x00, 0x00, 0x00, 0x00,
  0x00, 0x00, 0x00, 0x00, 0x00, 0x00, 0x00, 0x00, 0x00, 0x00, 0x00, 0x00,
  0x00, 0x00, 0x00, 0x00, 0x00, 0x00, 0x00, 0x00, 0x00, 0x00, 0x00, 0x00,
  0x00, 0x00, 0x00, 0x00, 0x00, 0x00, 0x00, 0x00, 0x00, 0x00, 0x00, 0x00,
  0x00, 0x00, 0x00, 0x00, 0x00, 0x00, 0x00, 0x00, 0x00, 0x00, 0x00, 0x00,
  0x00, 0x00, 0x00, 0x00, 0x00, 0x00, 0x00, 0x00, 0x00, 0x00, 0x00, 0x00,
  0x00, 0x00, 0x00, 0x00, 0x00, 0x00, 0x00, 0x00, 0x00, 0x00, 0x00, 0x00,
  0x00, 0x00, 0x00, 0x00, 0x00, 0x00, 0x00, 0x00, 0x00, 0x00, 0x00, 0x00,
  0x00, 0x00, 0x00, 0x00, 0x00, 0x00, 0x00, 0x00, 0x00, 0x00, 0x00, 0x00,
  0x00, 0x00, 0x00, 0x00, 0x00, 0x00, 0x00, 0x00, 0x00, 0x00, 0x00, 0x00,
  0x00, 0x00, 0x00, 0x00, 0x00, 0x00, 0x00, 0x00, 0x00, 0x00, 0x00, 0x00,
  0x00, 0x00, 0x00, 0x00, 0x00, 0x00, 0x00, 0x00, 0x00, 0x00, 0x00, 0x00,
  0x00, 0x00, 0x00, 0x00, 0x00, 0x00, 0x00, 0x00, 0x00, 0x00, 0x00, 0x00,
  0x00, 0x00, 0x00, 0x00, 0x00, 0x00, 0x00, 0x00, 0x00, 0x00, 0x00, 0x00,
  0x00, 0x00, 0x00, 0x00, 0x00, 0x00, 0x00, 0x00, 0x00, 0x00, 0x00, 0x00,
  0x00, 0x00, 0x00, 0x00, 0x00, 0x00, 0x00, 0x00, 0x00, 0x00, 0x00, 0x00,
  0x00, 0x00, 0x00, 0x00, 0x00, 0x00, 0x00, 0x00, 0x20, 0x00, 0x00, 0x00,
  0xcf, 0xfc, 0x5a, 0x3b, 0x6a, 0xc2, 0x80, 0x3b, 0x24, 0x30, 0x82, 0x3b,
  0xe3, 0x6a, 0x53, 0x3b, 0x05, 0x35, 0x82, 0x3b, 0x42, 0x32, 0xcc, 0x3b,
  0xf1, 0xac, 0x56, 0x3b, 0x3c, 0xb6, 0x60, 0x3b, 0x04, 0x43, 0x60, 0x3b,
  0x66, 0xd7, 0x9d, 0x3b, 0xc6, 0xa7, 0x7c, 0x3b, 0xf8, 0x89, 0x90, 0x3b,
  0x9c, 0xab, 0xb4, 0x3b, 0x15, 0xcd, 0xa0, 0x3b, 0x16, 0x1d, 0x81, 0x3b,
  0xea, 0x5b, 0x7b, 0x3b, 0x80, 0x1e, 0x9c, 0x3b, 0x6a, 0xb2, 0x94, 0x3b,
  0xad, 0x2e, 0x75, 0x3b, 0x47, 0xa6, 0x61, 0x3b, 0xca, 0x69, 0x90, 0x3b,
  0x29, 0x84, 0x5f, 0x3b, 0xae, 0xe9, 0x92, 0x3b, 0xc6, 0x78, 0x6a, 0x3b,
  0x30, 0x38, 0x4a, 0x3b, 0xcc, 0x1d, 0x58, 0x3b, 0x80, 0x58, 0x57, 0x3b,
  0xaf, 0x7d, 0x9f, 0x3b, 0x32, 0x91, 0x78, 0x3b, 0x69, 0xbb, 0x88, 0x3b,
  0xaf, 0x56, 0x78, 0x3b, 0x0c, 0xc9, 0x80, 0x3b, 0x23, 0x00, 0x00, 0x00,
  0x66, 0x75, 0x6e, 0x63, 0x74, 0x69, 0x6f, 0x6e, 0x61, 0x6c, 0x5f, 0x31,
  0x2f, 0x63, 0x6f, 0x6e, 0x76, 0x32, 0x64, 0x5f, 0x34, 0x5f, 0x31, 0x2f,
  0x63, 0x6f, 0x6e, 0x76, 0x6f, 0x6c, 0x75, 0x74, 0x69, 0x6f, 0x6e, 0x00,
  0x04, 0x00, 0x00, 0x00, 0x20, 0x00, 0x00, 0x00, 0x01, 0x00, 0x00, 0x00,
  0x01, 0x00, 0x00, 0x00, 0x20, 0x00, 0x00, 0x00, 0x92, 0xfc, 0xff, 0xff,
  0x00, 0x00, 0x00, 0x01, 0x14, 0x00, 0x00, 0x00, 0xa8, 0x01, 0x00, 0x00,
  0x05, 0x00, 0x00, 0x00, 0x00, 0x00, 0x00, 0x02, 0x48, 0x02, 0x00, 0x00,
  0xdc, 0xfb, 0xff, 0xff, 0x08, 0x00, 0x00, 0x00, 0x0c, 0x01, 0x00, 0x00,
  0x20, 0x00, 0x00, 0x00, 0x00, 0x00, 0x00, 0x00, 0x00, 0x00, 0x00, 0x00,
  0x00, 0x00, 0x00, 0x00, 0x00, 0x00, 0x00, 0x00, 0x00, 0x00, 0x00, 0x00,
  0x00, 0x00, 0x00, 0x00, 0x00, 0x00, 0x00, 0x00, 0x00, 0x00, 0x00, 0x00,
  0x00, 0x00, 0x00, 0x00, 0x00, 0x00, 0x00, 0x00, 0x00, 0x00, 0x00, 0x00,
  0x00, 0x00, 0x00, 0x00, 0x00, 0x00, 0x00, 0x00, 0x00, 0x00, 0x00, 0x00,
  0x00, 0x00, 0x00, 0x00, 0x00, 0x00, 0x00, 0x00, 0x00, 0x00, 0x00, 0x00,
  0x00, 0x00, 0x00, 0x00, 0x00, 0x00, 0x00, 0x00, 0x00, 0x00, 0x00, 0x00,
  0x00, 0x00, 0x00, 0x00, 0x00, 0x00, 0x00, 0x00, 0x00, 0x00, 0x00, 0x00,
  0x00, 0x00, 0x00, 0x00, 0x00, 0x00, 0x00, 0x00, 0x00, 0x00, 0x00, 0x00,
  0x00, 0x00, 0x00, 0x00, 0x00, 0x00, 0x00, 0x00, 0x00, 0x00, 0x00, 0x00,
  0x00, 0x00, 0x00, 0x00, 0x00, 0x00, 0x00, 0x00, 0x00, 0x00, 0x00, 0x00,
  0x00, 0x00, 0x00, 0x00, 0x00, 0x00, 0x00, 0x00, 0x00, 0x00, 0x00, 0x00,
  0x00, 0x00, 0x00, 0x00, 0x00, 0x00, 0x00, 0x00, 0x00, 0x00, 0x00, 0x00,
  0x00, 0x00, 0x00, 0x00, 0x00, 0x00, 0x00, 0x00, 0x00, 0x00, 0x00, 0x00,
  0x00, 0x00, 0x00, 0x00, 0x00, 0x00, 0x00, 0x00, 0x00, 0x00, 0x00, 0x00,
  0x00, 0x00, 0x00, 0x00, 0x00, 0x00, 0x00, 0x00, 0x00, 0x00, 0x00, 0x00,
  0x00, 0x00, 0x00, 0x00, 0x00, 0x00, 0x00, 0x00, 0x00, 0x00, 0x00, 0x00,
  0x00, 0x00, 0x00, 0x00, 0x00, 0x00, 0x00, 0x00, 0x00, 0x00, 0x00, 0x00,
  0x00, 0x00, 0x00, 0x00, 0x00, 0x00, 0x00, 0x00, 0x00, 0x00, 0x00, 0x00,
  0x00, 0x00, 0x00, 0x00, 0x00, 0x00, 0x00, 0x00, 0x00, 0x00, 0x00, 0x00,
  0x00, 0x00, 0x00, 0x00, 0x00, 0x00, 0x00, 0x00, 0x00, 0x00, 0x00, 0x00,
  0x00, 0x00, 0x00, 0x00, 0x00, 0x00, 0x00, 0x00, 0x00, 0x00, 0x00, 0x00,
  0x20, 0x00, 0x00, 0x00, 0xf7, 0xf6, 0xd4, 0x38, 0xb1, 0x6f, 0xfa, 0x38,
  0x07, 0x37, 0xfd, 0x38, 0x57, 0x9a, 0xcd, 0x38, 0x85, 0x40, 0xfd, 0x38,
  0x8e, 0x94, 0x46, 0x39, 0x75, 0xc5, 0xd0, 0x38, 0x16, 0x88, 0xda, 0x38,
  0x09, 0x18, 0xda, 0x38, 0x12, 0x80, 0x19, 0x39, 0xe2, 0xb4, 0xf5, 0x38,
  0x4d, 0x90, 0x0c, 0x39, 0x8c, 0xb3, 0x2f, 0x39, 0xea, 0x60, 0x1c, 0x39,
  0x0d, 0x20, 0xfb, 0x38, 0x26, 0x72, 0xf4, 0x38, 0x4c, 0xd3, 0x17, 0x39,
  0x78, 0x9b, 0x10, 0x39, 0x66, 0x70, 0xee, 0x38, 0x87, 0x71, 0xdb, 0x38,
  0x02, 0x71, 0x0c, 0x39, 0x6e, 0x5e, 0xd9, 0x38, 0x4c, 0xdf, 0x0e, 0x39,
  0xe8, 0x05, 0xe4, 0x38, 0x67, 0xa8, 0xc4, 0x38, 0x2b, 0x2c, 0xd2, 0x38,
  0x4c, 0x6c, 0xd1, 0x38, 0xbe, 0x1a, 0x1b, 0x39, 0x16, 0xbb, 0xf1, 0x38,
  0xb5, 0xf8, 0x04, 0x39, 0x2f, 0x82, 0xf1, 0x38, 0x98, 0x7c, 0xfa, 0x38,
  0xa7, 0x00, 0x00, 0x00, 0x66, 0x75, 0x6e, 0x63, 0x74, 0x69, 0x6f, 0x6e,
  0x61, 0x6c, 0x5f, 0x31, 0x2f, 0x72, 0x65, 0x5f, 0x6c, 0x75, 0x5f, 0x38,
  0x5f, 0x31, 0x2f, 0x52, 0x65, 0x6c, 0x75, 0x3b, 0x66, 0x75, 0x6e, 0x63,
  0x74, 0x69, 0x6f, 0x6e, 0x61, 0x6c, 0x5f, 0x31, 0x2f, 0x62, 0x61, 0x74,
  0x63, 0x68, 0x5f, 0x6e, 0x6f, 0x72, 0x6d, 0x61, 0x6c, 0x69, 0x7a, 0x61,
  0x74, 0x69, 0x6f, 0x6e, 0x5f, 0x38, 0x5f, 0x31, 0x2f, 0x62, 0x61, 0x74,
  0x63, 0x68, 0x6e, 0x6f, 0x72, 0x6d, 0x2f, 0x61, 0x64, 0x64, 0x5f, 0x31,
  0x3b, 0x66, 0x75, 0x6e, 0x63, 0x74, 0x69, 0x6f, 0x6e, 0x61, 0x6c, 0x5f,
  0x31, 0x2f, 0x63, 0x6f, 0x6e, 0x76, 0x32, 0x64, 0x5f, 0x34, 0x5f, 0x31,
  0x2f, 0x63, 0x6f, 0x6e, 0x76, 0x6f, 0x6c, 0x75, 0x74, 0x69, 0x6f, 0x6e,
  0x3b, 0x66, 0x75, 0x6e, 0x63, 0x74, 0x69, 0x6f, 0x6e, 0x61, 0x6c, 0x5f,
  0x31, 0x2f, 0x62, 0x61, 0x74, 0x63, 0x68, 0x5f, 0x6e, 0x6f, 0x72, 0x6d,
  0x61, 0x6c, 0x69, 0x7a, 0x61, 0x74, 0x69, 0x6f, 0x6e, 0x5f, 0x38, 0x5f,
  0x31, 0x2f, 0x62, 0x61, 0x74, 0x63, 0x68, 0x6e, 0x6f, 0x72, 0x6d, 0x2f,
  0x73, 0x75, 0x62, 0x00, 0x01, 0x00, 0x00, 0x00, 0x20, 0x00, 0x00, 0x00,
  0xfa, 0xfe, 0xff, 0xff, 0x00, 0x00, 0x00, 0x01, 0x14, 0x00, 0x00, 0x00,
  0x48, 0x00, 0x00, 0x00, 0x04, 0x00, 0x00, 0x00, 0x00, 0x00, 0x00, 0x09,
  0x5c, 0x00, 0x00, 0x00, 0x44, 0xfe, 0xff, 0xff, 0x08, 0x00, 0x00, 0x00,
  0x20, 0x00, 0x00, 0x00, 0x03, 0x00, 0x00, 0x00, 0x00, 0x00, 0x00, 0x00,
  0x00, 0x00, 0x00, 0x00, 0x00, 0x00, 0x00, 0x00, 0x00, 0x00, 0x00, 0x00,
  0x00, 0x00, 0x00, 0x00, 0x00, 0x00, 0x00, 0x00, 0x03, 0x00, 0x00, 0x00,
  0x3b, 0x4d, 0x93, 0x3b, 0xf8, 0xf6, 0x86, 0x3b, 0x7b, 0x06, 0x90, 0x3b,
  0x1b, 0x00, 0x00, 0x00, 0x66, 0x75, 0x6e, 0x63, 0x74, 0x69, 0x6f, 0x6e,
  0x61, 0x6c, 0x5f, 0x31, 0x2f, 0x64, 0x65, 0x6e, 0x73, 0x65, 0x5f, 0x31,
  0x2f, 0x4d, 0x61, 0x74, 0x4d, 0x75, 0x6c, 0x00, 0x02, 0x00, 0x00, 0x00,
  0x03, 0x00, 0x00, 0x00, 0x20, 0x00, 0x00, 0x00, 0x7a, 0xff, 0xff, 0xff,
  0x00, 0x00, 0x00, 0x01, 0x14, 0x00, 0x00, 0x00, 0x4c, 0x00, 0x00, 0x00,
  0x03, 0x00, 0x00, 0x00, 0x00, 0x00, 0x00, 0x02, 0x64, 0x00, 0x00, 0x00,
  0xc4, 0xfe, 0xff, 0xff, 0x08, 0x00, 0x00, 0x00, 0x24, 0x00, 0x00, 0x00,
  0x03, 0x00, 0x00, 0x00, 0x00, 0x00, 0x00, 0x00, 0x00, 0x00, 0x00, 0x00,
  0x00, 0x00, 0x00, 0x00, 0x00, 0x00, 0x00, 0x00, 0x00, 0x00, 0x00, 0x00,
  0x00, 0x00, 0x00, 0x00, 0x00, 0x00, 0x00, 0x00, 0x03, 0x00, 0x00, 0x00,
  0x51, 0x88, 0xaf, 0x38, 0xc4, 0xd4, 0xa0, 0x38, 0xd2, 0xa0, 0xab, 0x38,
  0x1c, 0x00, 0x00, 0x00, 0x66, 0x75, 0x6e, 0x63, 0x74, 0x69, 0x6f, 0x6e,
  0x61, 0x6c, 0x5f, 0x31, 0x2f, 0x64, 0x65, 0x6e, 0x73, 0x65, 0x5f, 0x31,
  0x2f, 0x42, 0x69, 0x61, 0x73, 0x41, 0x64, 0x64, 0x00, 0x00, 0x00, 0x00,
  0x01, 0x00, 0x00, 0x00, 0x03, 0x00, 0x00, 0x00, 0x00, 0x00, 0x16, 0x00,
  0x1c, 0x00, 0x18, 0x00, 0x17, 0x00, 0x10, 0x00, 0x0c, 0x00, 0x08, 0x00,
  0x00, 0x00, 0x00, 0x00, 0x00, 0x00, 0x07, 0x00, 0x16, 0x00, 0x00, 0x00,
  0x00, 0x00, 0x00, 0x01, 0x18, 0x00, 0x00, 0x00, 0x18, 0x00, 0x00, 0x00,
  0x02, 0x00, 0x00, 0x00, 0x00, 0x00, 0x00, 0x02, 0x50, 0x00, 0x00, 0x00,
  0x04, 0x00, 0x04, 0x00, 0x04, 0x00, 0x00, 0x00, 0x3e, 0x00, 0x00, 0x00,
  0x66, 0x75, 0x6e, 0x63, 0x74, 0x69, 0x6f, 0x6e, 0x61, 0x6c, 0x5f, 0x31,
  0x2f, 0x67, 0x6c, 0x6f, 0x62, 0x61, 0x6c, 0x5f, 0x61, 0x76, 0x65, 0x72,
  0x61, 0x67, 0x65, 0x5f, 0x70, 0x6f, 0x6f, 0x6c, 0x69, 0x6e, 0x67, 0x32,
  0x64, 0x5f, 0x31, 0x2f, 0x4d, 0x65, 0x61, 0x6e, 0x2f, 0x72, 0x65, 0x64,
  0x75, 0x63, 0x74, 0x69, 0x6f, 0x6e, 0x5f, 0x69, 0x6e, 0x64, 0x69, 0x63,
  0x65, 0x73, 0x00, 0x00, 0x01, 0x00, 0x00, 0x00, 0x02, 0x00, 0x00, 0x00,
  0x00, 0x00, 0x16, 0x00, 0x20, 0x00, 0x1c, 0x00, 0x1b, 0x00, 0x14, 0x00,
  0x10, 0x00, 0x0c, 0x00, 0x00, 0x00, 0x00, 0x00, 0x08, 0x00, 0x07, 0x00,
  0x16, 0x00, 0x00, 0x00, 0x00, 0x00, 0x00, 0x01, 0x18, 0x00, 0x00, 0x00,
  0x34, 0x00, 0x00, 0x00, 0x50, 0x00, 0x00, 0x00, 0x01, 0x00, 0x00, 0x00,
  0x00, 0x00, 0x00, 0x09, 0x68, 0x00, 0x00, 0x00, 0x04, 0x00, 0x00, 0x00,
  0xff, 0xff, 0xff, 0xff, 0x31, 0x00, 0x00, 0x00, 0x0d, 0x00, 0x00, 0x00,
  0x01, 0x00, 0x00, 0x00, 0x0c, 0x00, 0x0c, 0x00, 0x00, 0x00, 0x00, 0x00,
  0x08, 0x00, 0x04, 0x00, 0x0c, 0x00, 0x00, 0x00, 0x08, 0x00, 0x00, 0x00,
  0x10, 0x00, 0x00, 0x00, 0x01, 0x00, 0x00, 0x00, 0x09, 0x00, 0x00, 0x00,
  0x00, 0x00, 0x00, 0x00, 0x01, 0x00, 0x00, 0x00, 0x5c, 0x28, 0x3a, 0x3d,
  0x1d, 0x00, 0x00, 0x00, 0x73, 0x65, 0x72, 0x76, 0x69, 0x6e, 0x67, 0x5f,
  0x64, 0x65, 0x66, 0x61, 0x75, 0x6c, 0x74, 0x5f, 0x69, 0x6e, 0x70, 0x75,
  0x74, 0x5f, 0x6c, 0x61, 0x79, 0x65, 0x72, 0x3a, 0x30, 0x00, 0x00, 0x00,
  0x04, 0x00, 0x00, 0x00, 0x01, 0x00, 0x00, 0x00, 0x31, 0x00, 0x00, 0x00,
  0x0d, 0x00, 0x00, 0x00, 0x01, 0x00, 0x00, 0x00, 0x04, 0x00, 0x00, 0x00,
  0x4c, 0x00, 0x00, 0x00, 0x2c, 0x00, 0x00, 0x00, 0x18, 0x00, 0x00, 0x00,
  0x04, 0x00, 0x00, 0x00, 0xd0, 0xff, 0xff, 0xff, 0x09, 0x00, 0x00, 0x00,
  0x04, 0x00, 0x00, 0x00, 0x00, 0x00, 0x00, 0x09, 0xe0, 0xff, 0xff, 0xff,
  0x28, 0x00, 0x00, 0x00, 0x02, 0x00, 0x00, 0x00, 0x00, 0x00, 0x00, 0x28,
  0xf0, 0xff, 0xff, 0xff, 0x04, 0x00, 0x00, 0x00, 0x03, 0x00, 0x00, 0x00,
  0x00, 0x00, 0x00, 0x04, 0x0c, 0x00, 0x10, 0x00, 0x0f, 0x00, 0x00, 0x00,
  0x08, 0x00, 0x04, 0x00, 0x0c, 0x00, 0x00, 0x00, 0x03, 0x00, 0x00, 0x00,
  0x03, 0x00, 0x00, 0x00, 0x00, 0x00, 0x00, 0x03,
};
const unsigned int g_kws_model_len = 24536;
